Category,n,Mean_difference,CI95_lower,CI95_upper,Cohen_dz,Bootstrap_dz_95_lower,Bootstrap_dz_95_upper,Hedges_gz,Matched_rank_biserial
Bacon,92,-2.076,-2.444,-1.709,-1.17,-1.428,-0.951,-1.16,-0.935
Bratwurst,106,-0.868,-1.233,-0.502,-0.457,-0.688,-0.257,-0.454,-0.571
Breaded Chicken Filets,78,-0.513,-0.96,-0.065,-0.258,-0.498,-0.051,-0.256,-0.338
Breakfast Sausages,104,-0.635,-1.011,-0.258,-0.328,-0.535,-0.131,-0.325,-0.445
Burgers,113,-0.31,-0.676,0.056,-0.158,-0.361,0.032,-0.157,-0.253
Chicken Nuggets,97,-0.144,-0.551,0.262,-0.072,-0.274,0.123,-0.071,-0.086
Deli Ham,105,-0.81,-1.18,-0.44,-0.423,-0.623,-0.235,-0.42,-0.542
Deli Turkey,102,-0.461,-0.849,-0.072,-0.233,-0.435,-0.044,-0.231,-0.277
Hot Dogs,88,-0.398,-0.803,0.008,-0.208,-0.416,0,-0.206,-0.279
Meatballs,99,-0.455,-0.77,-0.139,-0.288,-0.488,-0.095,-0.286,-0.394
Pulled Pork,101,-0.604,-0.963,-0.245,-0.332,-0.595,-0.129,-0.33,-0.512
Steak,95,-1.495,-1.915,-1.075,-0.725,-1.006,-0.496,-0.719,-0.79
Unbreaded Chicken Filets,103,-0.078,-0.432,0.277,-0.043,-0.242,0.15,-0.043,-0.064
Unbreaded Chicken Strips and Chunks,98,-1.143,-1.586,-0.7,-0.517,-0.742,-0.314,-0.513,-0.604
