Category,N,Age_18_35_n,Age_18_35_percent,Female_n,Female_percent,Male_n,Male_percent,Flexitarian_n,Flexitarian_percent,Bachelor_or_higher_n,Bachelor_or_higher_percent,Weekly_or_more_use_n,Weekly_or_more_use_percent,Any_core_characteristic_missing_n,Any_core_characteristic_missing_percent
Bacon,192,93,48.4,96,50,89,46.4,41,21.4,131,68.2,100,52.1,0,0
Bratwurst,213,107,50.2,89,41.8,110,51.6,59,27.7,158,74.2,60,28.2,0,0
Breaded Chicken Filets,91,52,57.1,46,50.5,41,45.1,22,24.2,58,63.7,33,36.3,0,0
Breakfast Sausages,204,110,53.9,119,58.3,80,39.2,54,26.5,146,71.6,99,48.5,0,0
Burgers,201,102,50.7,97,48.3,96,47.8,41,20.4,135,67.2,80,39.8,0,0
Chicken Nuggets,305,183,60,137,44.9,151,49.5,80,26.2,209,68.5,129,42.3,0,0
Deli Ham,203,92,45.3,114,56.2,80,39.4,53,26.1,136,67,89,43.8,0,0
Deli Turkey,203,95,46.8,98,48.3,95,46.8,50,24.6,135,66.5,99,48.8,0,0
Hot Dogs,186,95,51.1,82,44.1,91,48.9,41,22,118,63.4,40,21.5,0,0
Meatballs,99,45,45.5,50,50.5,47,47.5,33,33.3,63,63.6,34,34.3,0,0
Pulled Pork,204,90,44.1,87,42.6,103,50.5,48,23.5,142,69.6,47,23,0,0
Steak,195,91,46.7,102,52.3,84,43.1,36,18.5,129,66.2,75,38.5,7,3.6
Unbreaded Chicken Filets,197,99,50.3,101,51.3,92,46.7,50,25.4,125,63.5,141,71.6,0,0
Unbreaded Chicken Strips and Chunks,189,99,52.4,100,52.9,81,42.9,54,28.6,128,67.7,145,76.7,0,0
