Category,Records,Plant_count_minimum,Plant_count_maximum,Plant_count_distribution,Expected_blocks,Missing_blocks,Missing_percent,Randomizer_missing_n
Bacon,192,5,5,5:192 (100.0%),960,0,0,0
Bratwurst,213,4,5,4:114 (53.5%); 5:99 (46.5%),959,8,0.83,0
Breaded Chicken Filets,91,4,5,4:13 (14.3%); 5:78 (85.7%),455,13,2.86,0
Breakfast Sausages,204,5,5,5:204 (100.0%),1020,0,0,0
Burgers,201,5,5,5:201 (100.0%),1005,0,0,0
Chicken Nuggets,305,3,4,3:217 (71.1%); 4:88 (28.9%),1012,9,0.89,199
Deli Ham,203,4,5,4:98 (48.3%); 5:105 (51.7%),917,0,0,0
Deli Turkey,203,0,7,0:1 (0.5%); 3:101 (49.8%); 4:100 (49.3%); 7:1 (0.5%),703,0,0,1
Hot Dogs,186,4,5,4:20 (10.8%); 5:166 (89.2%),930,20,2.15,1
Meatballs,99,5,5,5:99 (100.0%),495,0,0,0
Pulled Pork,204,3,4,3:101 (49.5%); 4:103 (50.5%),715,0,0,0
Steak,195,2,5,2:2 (1.0%); 3:7 (3.6%); 4:91 (46.7%); 5:95 (48.7%),875,11,1.26,0
Unbreaded Chicken Filets,197,5,5,5:197 (100.0%),985,0,0,0
Unbreaded Chicken Strips and Chunks,189,5,5,5:189 (100.0%),945,0,0,0
