Category,Endpoint,n,Difference,CI90_lower,CI90_upper,Cohen_dz,Minimum_data_supported_margin,NI_p,Endpoint_Holm_p,All_70_Holm_p
Bacon,Overall Liking,92,-2.076,-2.383,-1.769,-1.17,2.383,1.000,1.000,1.000
Bacon,Flavor,92,-2.076,-2.428,-1.725,-1.023,2.428,1.000,1.000,1.000
Bacon,Texture,92,-2.087,-2.389,-1.785,-1.196,2.389,1.000,1.000,1.000
Bacon,Appearance,92,-2.772,-3.123,-2.42,-1.367,3.123,1.000,1.000,1.000
Bacon,Similarity,92,-2.772,-3.16,-2.384,-1.238,3.16,1.000,1.000,1.000
Bratwurst,Overall Liking,106,-0.868,-1.174,-0.562,-0.457,1.174,0.976,1.000,1.000
Bratwurst,Flavor,106,-0.962,-1.296,-0.629,-0.465,1.296,0.988,1.000,1.000
Bratwurst,Texture,106,-1.17,-1.51,-0.829,-0.554,1.51,0.999,1.000,1.000
Bratwurst,Appearance,106,-0.057,-0.383,0.269,-0.028,0.383,0.013,0.157,0.835
Bratwurst,Similarity,106,-1.368,-1.686,-1.05,-0.693,1.686,1.000,1.000,1.000
Breaded Chicken Filets,Overall Liking,78,-0.513,-0.887,-0.139,-0.258,0.887,0.523,1.000,1.000
Breaded Chicken Filets,Flavor,78,-0.564,-0.914,-0.214,-0.304,0.914,0.619,1.000,1.000
Breaded Chicken Filets,Texture,78,-0.641,-0.999,-0.283,-0.337,0.999,0.743,1.000,1.000
Breaded Chicken Filets,Appearance,78,-0.744,-1.066,-0.421,-0.435,1.066,0.894,1.000,1.000
Breaded Chicken Filets,Similarity,78,-0.679,-1.08,-0.279,-0.32,1.08,0.771,1.000,1.000
Breakfast Sausages,Overall Liking,104,-0.635,-0.95,-0.319,-0.328,0.95,0.760,1.000,1.000
Breakfast Sausages,Flavor,104,-0.663,-1.013,-0.314,-0.309,1.013,0.780,1.000,1.000
Breakfast Sausages,Texture,104,-0.356,-0.725,0.013,-0.157,0.725,0.259,1.000,1.000
Breakfast Sausages,Appearance,104,-0.346,-0.658,-0.035,-0.181,0.658,0.207,1.000,1.000
Breakfast Sausages,Similarity,104,-0.933,-1.339,-0.527,-0.374,1.339,0.960,1.000,1.000
Burgers,Overall Liking,113,-0.31,-0.616,-0.003,-0.158,0.616,0.153,1.000,1.000
Burgers,Flavor,113,-0.381,-0.697,-0.064,-0.188,0.697,0.266,1.000,1.000
Burgers,Texture,113,-0.46,-0.752,-0.168,-0.246,0.752,0.411,1.000,1.000
Burgers,Appearance,113,-0.487,-0.782,-0.192,-0.257,0.782,0.470,1.000,1.000
Burgers,Similarity,113,-0.85,-1.159,-0.54,-0.428,1.159,0.968,1.000,1.000
Chicken Nuggets,Overall Liking,97,-0.144,-0.484,0.196,-0.072,0.484,0.043,0.555,1.000
Chicken Nuggets,Flavor,97,-0.041,-0.411,0.329,-0.019,0.411,0.021,0.274,1.000
Chicken Nuggets,Texture,97,0.433,0.054,0.812,0.192,0,<0.001,<0.001,0.003
Chicken Nuggets,Appearance,97,0.165,-0.153,0.483,0.087,0.153,<0.001,0.005,0.026
Chicken Nuggets,Similarity,97,0.536,0.151,0.921,0.235,0,<0.001,<0.001,<0.001
Deli Ham,Overall Liking,105,-0.81,-1.119,-0.5,-0.423,1.119,0.950,1.000,1.000
Deli Ham,Flavor,105,-1.029,-1.361,-0.697,-0.502,1.361,0.995,1.000,1.000
Deli Ham,Texture,105,-1.181,-1.509,-0.853,-0.584,1.509,1.000,1.000,1.000
Deli Ham,Appearance,105,-0.771,-1.029,-0.514,-0.486,1.029,0.959,1.000,1.000
Deli Ham,Similarity,105,-1.048,-1.394,-0.701,-0.489,1.394,0.995,1.000,1.000
Deli Turkey,Overall Liking,102,-0.461,-0.786,-0.136,-0.233,0.786,0.421,1.000,1.000
Deli Turkey,Flavor,102,-0.745,-1.074,-0.417,-0.373,1.074,0.891,1.000,1.000
Deli Turkey,Texture,102,-0.598,-0.948,-0.248,-0.281,0.948,0.678,1.000,1.000
Deli Turkey,Appearance,102,-1.284,-1.649,-0.92,-0.579,1.649,1.000,1.000,1.000
Deli Turkey,Similarity,102,-1.186,-1.559,-0.814,-0.523,1.559,0.999,1.000,1.000
Hot Dogs,Overall Liking,88,-0.398,-0.737,-0.058,-0.208,0.737,0.309,1.000,1.000
Hot Dogs,Flavor,88,-0.318,-0.715,0.078,-0.142,0.715,0.224,1.000,1.000
Hot Dogs,Texture,88,-0.693,-1.119,-0.267,-0.288,1.119,0.774,1.000,1.000
Hot Dogs,Appearance,88,-0.477,-0.789,-0.165,-0.271,0.789,0.452,1.000,1.000
Hot Dogs,Similarity,88,-0.807,-1.238,-0.375,-0.331,1.238,0.880,1.000,1.000
Meatballs,Overall Liking,99,-0.455,-0.718,-0.191,-0.288,0.718,0.388,1.000,1.000
Meatballs,Flavor,99,-0.414,-0.696,-0.132,-0.245,0.696,0.307,1.000,1.000
Meatballs,Texture,99,-0.384,-0.688,-0.08,-0.211,0.688,0.264,1.000,1.000
Meatballs,Appearance,99,0.02,-0.155,0.195,0.019,0.155,<0.001,<0.001,<0.001
Meatballs,Similarity,99,-0.646,-0.97,-0.323,-0.333,0.97,0.773,1.000,1.000
Pulled Pork,Overall Liking,101,-0.604,-0.904,-0.304,-0.332,0.904,0.717,1.000,1.000
Pulled Pork,Flavor,101,-0.703,-1.02,-0.386,-0.366,1.02,0.855,1.000,1.000
Pulled Pork,Texture,101,-0.792,-1.102,-0.482,-0.422,1.102,0.939,1.000,1.000
Pulled Pork,Appearance,101,-0.515,-0.837,-0.193,-0.264,0.837,0.530,1.000,1.000
Pulled Pork,Similarity,101,-1.327,-1.69,-0.963,-0.603,1.69,1.000,1.000,1.000
Steak,Overall Liking,95,-1.495,-1.846,-1.143,-0.725,1.846,1.000,1.000,1.000
Steak,Flavor,95,-1.505,-1.876,-1.134,-0.691,1.876,1.000,1.000,1.000
Steak,Texture,95,-1.516,-1.879,-1.153,-0.712,1.879,1.000,1.000,1.000
Steak,Appearance,95,-1.295,-1.62,-0.97,-0.679,1.62,1.000,1.000,1.000
Steak,Similarity,95,-2.274,-2.669,-1.879,-0.981,2.669,1.000,1.000,1.000
Unbreaded Chicken Filets,Overall Liking,103,-0.078,-0.374,0.219,-0.043,0.374,0.010,0.140,0.650
Unbreaded Chicken Filets,Flavor,103,0.068,-0.299,0.435,0.03,0.299,0.006,0.081,0.382
Unbreaded Chicken Filets,Texture,103,-0.524,-0.886,-0.163,-0.237,0.886,0.544,1.000,1.000
Unbreaded Chicken Filets,Appearance,103,-0.68,-0.994,-0.365,-0.354,0.994,0.828,1.000,1.000
Unbreaded Chicken Filets,Similarity,103,-1.107,-1.504,-0.71,-0.456,1.504,0.994,1.000,1.000
Unbreaded Chicken Strips and Chunks,Overall Liking,98,-1.143,-1.514,-0.772,-0.517,1.514,0.998,1.000,1.000
Unbreaded Chicken Strips and Chunks,Flavor,98,-1.653,-2.013,-1.293,-0.771,2.013,1.000,1.000,1.000
Unbreaded Chicken Strips and Chunks,Texture,98,-1.765,-2.134,-1.397,-0.804,2.134,1.000,1.000,1.000
Unbreaded Chicken Strips and Chunks,Appearance,98,-1.429,-1.769,-1.088,-0.703,1.769,1.000,1.000,1.000
Unbreaded Chicken Strips and Chunks,Similarity,98,-2.143,-2.526,-1.76,-0.938,2.526,1.000,1.000,1.000
