Category,n,Plant_higher_percent,Equal_percent,Animal_higher_percent,Raw_same_or_better_percent
Bacon,92,5.4,13,81.5,18.5
Bratwurst,106,14.2,26.4,59.4,40.6
Breaded Chicken Filets,78,24.4,26.9,48.7,51.3
Breakfast Sausages,104,25,28.8,46.2,53.8
Burgers,113,25.7,31,43.4,56.6
Chicken Nuggets,97,39.2,22.7,38.1,61.9
Deli Ham,105,20,29.5,50.5,49.5
Deli Turkey,102,30.4,21.6,48,52
Hot Dogs,88,27.3,25,47.7,52.3
Meatballs,99,23.2,36.4,40.4,59.6
Pulled Pork,101,17.8,26.7,55.4,44.6
Steak,95,10.5,20,69.5,30.5
Unbreaded Chicken Filets,103,32,28.2,39.8,60.2
Unbreaded Chicken Strips and Chunks,98,15.3,21.4,63.3,36.7
