file,bytes,sha256
.gitignore,211,4b29eaa0977ab06b930e98331cb2937d4ce9de953897fdae8c6c8218cdf9f7c6
CITATION.cff,612,1d223d368c12f0790199254c5db8325e565c20d9782c23510aa58917c8701290
data/raw/README.md,898,0acffd60866770a363eb5f5df2b4b53bf64edaff3f5a9813db4295c8c9bb0f70
docs/code_provenance.md,2811,9b972ba59292000a87632f33c1e5cfa112cbb2318c583277294ac0a3c2e2c175
docs/function_comparison.csv,2443,62115ecfdab399ada2f10ec2228f9cb47107c535f48f329eb03956a19cac0e3c
docs/input_manifest.csv,1296,76cc013ae9db8759ee9f38754d7cceb8b511b1e34c7b130c43ab23d167a5d97f
docs/main_table_comparison.csv,5700,3dd7bc3358fed99581ccad35a558b09d9d1bbf0e69e939077ec98b75e594ef9d
docs/numerical_validation.csv,1365,e40eb0410cd5d0f8667bb856c28926263ded2c53b3dcd33f5098d3605538c617
docs/package_versions.csv,182,f05304ee5e1d073ec95fff022be04487e246805fb8bd00424891eaf402810974
docs/source_scripts.csv,771,f8f0e73b1c85c37963190d08cfa98f1a1f868eed9318f4ceb13696c56692465c
docs/supplement_table_comparison.csv,80007,28265a4204e66f747d36ee1eaf1f36acca65d4de946d6e8ecf8fd6f2f901d5e3
docs/validation.md,2896,893776addef155bc742beb22198578ea7e85b6808929e964b5d94c612e3f2424
LICENSE,1070,493b6d3b13f749eecd860404cf85a250ac1dcb6e1bc99587ce94e053fb7d1cea
plant_based_meat_public_analysis.R,4690,dfeb66969155fb16c75da5f39aea92f38b22033a95470949a522145df7262dae
R/01_prepare_data.R,52492,abce80213a0fb9e16328449685252e97755931d88f91b6fdf14b62716efab25a
R/02_analyze.R,40215,5377a27fd5e5fca8f6b4e57b3a4fc45936228ab3d0d0da391c15cdb7383fc1af
R/03_sample_audit.R,49718,84fda25c2e9bac97b578c39c83b81b15fc86ea2679cf2c2d13e443d2af6d05a7
R/04_export_results.R,21862,0ba4858e11a35b5a4e3d6ab45f5e879c636a1a6cabe9e3ab6fb6462b37c65786
README.md,9796,e89a7337614b7f0792d60f2b653cd5442f8044eabfa188442c416d75ae328d7b
reference_results/manuscript_tables/main/Table_1_overall_liking.csv,1151,4005dd943cf8240c9896e22f1dd35545b463f4a1b6ec0b1c624d71deace3bd1e
reference_results/manuscript_tables/main/Table_2_multiplicity_audit.csv,370,24e13917dd8a3cad03e29f3ff8d254665d7dc97c6d511c9c0720b125f549edf6
reference_results/manuscript_tables/supplement/Table_S10_candidate_selection.csv,823,131273e4c1ec459213a5c6808f469d409a70fce44a3c3780a9a294a574eb90ed
reference_results/manuscript_tables/supplement/Table_S11_selection_sensitivity.csv,1354,fc07d18819eeefa00b8e8f768f69502e421085d4b4e78d1ce2b10649de4ce5eb
reference_results/manuscript_tables/supplement/Table_S12_selection_frequency.csv,1376,dc989ef6708c5c2a65c2a4ff9ea23096a982403062c85a286254eaeee8e2b3b3
reference_results/manuscript_tables/supplement/Table_S13_generic_purchase_linkage.csv,297,b9494e2a23b3a3339005311e058dbcaa6490f855bd67090b9eb2b57d33a3f5b1
reference_results/manuscript_tables/supplement/Table_S14_same_or_better.csv,606,5c3efb73de5f1df50a79e9b8ca50baa9515538f857b814ae8891a70f6df19bcc
reference_results/manuscript_tables/supplement/Table_S15_estimation_and_effect_sizes.csv,1142,d57378a5c732e9dadf63907b6543b8e4f36054649a8fcb2edcd887d36942aeda
reference_results/manuscript_tables/supplement/Table_S16_margin_sensitivity.csv,1337,4fe8f638a72e45a42464c52193fcf16f6dfff486602aa7e388b805d60488ad1b
reference_results/manuscript_tables/supplement/Table_S1_sample_characteristics.csv,1769,52f78e5efb7890e99e7da04153475a7a505483e1d1c99000f05ca6629471cea0
reference_results/manuscript_tables/supplement/Table_S2_sample_by_category.csv,1293,e06fcba01a9c80f8ae57d4b3ac5f786252b72cab3be2615161dfada2cc24b544
reference_results/manuscript_tables/supplement/Table_S3_leader_definition.csv,1158,e17737f5b2750aaa84ca83b5d7ade84417d003e5c2caf9dc5f968fd9be4aca85
reference_results/manuscript_tables/supplement/Table_S4_product_presentation.csv,985,b9973e9770820c83a85ae7a53e28abe36d842537317ea2ce78d93d20c1487c1f
reference_results/manuscript_tables/supplement/Table_S5_source_leader_availability.csv,690,efcc0b5f08b9d13e05fb4418c3a73c852d9bbfdf803298874c78d789b66ff848
reference_results/manuscript_tables/supplement/Table_S6_missingness_categorical.csv,334,0a6367f142b94465850fae00308cce1162b3342b38269f313448a530f53a6040
reference_results/manuscript_tables/supplement/Table_S7_missingness_numeric.csv,380,39db43ba50021088dfabea7be307ebce274bdb970df288722f3c9377affe481e
reference_results/manuscript_tables/supplement/Table_S8_bounded_sensitivity.csv,326,48f05dc437f9e1cf82a22e36e54dcf3853584703155de8f2a0701d80feab1430
reference_results/manuscript_tables/supplement/Table_S9_all_endpoints.csv,5687,a5fab9398960e251c098425abb74da35410b5fe5bdb7b01006447db6bbe633b5
reference_results/numerical_baselines/additional_sample_audit__06_sample_characteristics_overall_long.csv,3727,c840aae205f3fa195a45a95a45acd9cdb566f009dd3d371a89cbbac655099995
reference_results/numerical_baselines/additional_sample_audit__09_sample_characteristics_by_category_compact_numeric.csv,2603,171c4b9af1254829450be961fce41dd929418ece6cc545eb9b6b57ec9216c22f
reference_results/numerical_baselines/additional_sample_audit__14_bcf_missingness_global_tests.csv,1434,8ed939749cb681beb370e86399c7a6efc84cdff866d8ebb06200084fe65c2fcb
reference_results/numerical_baselines/additional_sample_audit__16_bcf_numeric_comparisons.csv,1107,720bac5c158d447c9201bd77e684b3d224393bad244f9e850b2d56a335f2c059
reference_results/numerical_baselines/additional_sample_audit__17a_bcf_overall_liking_bounded_sensitivity.csv,984,9e40e3d83bb89a7dc0ad11894973bf6fcfbbe4608bcb809dfffde9e1c62d2db3
reference_results/numerical_baselines/audit__17_product_presentation_by_category.csv,2578,a5899f62f8bd9b65817513cf49642f5e6b29bc498ce237e55335e4dad57f26bc
reference_results/numerical_baselines/audit__24_source_leader_missingness_summary.csv,1914,0ca8ce2482e943192a5e62c4672e9dfccc1676b562cabdc156237b1a5bcd397a
reference_results/numerical_baselines/manifest.csv,1795,43c6a7967de3a1264343c344b93d8c2998eec04e83fd8c353e3e3cbfc11e9469
reference_results/numerical_baselines/model_outputs__02_source_leader_paired_effects.csv,47519,f920fe4bc7a21295427bf52ea03fbed2edacb8055793fca94da8ed787e75efb3
reference_results/numerical_baselines/model_outputs__03_source_leader_noninferiority_multiplicity.csv,215616,65dd11ce54a528e901bff1e486775fc411b122e3a58d184f6433335eb04f4b1d
reference_results/numerical_baselines/model_outputs__12_crossfit_selection_frequency.csv,2702,c74c61150064e41657b5436d0d3cc35717c054249368f55404ae52a8bd975321
reference_results/numerical_baselines/model_outputs__12b_crossfit_evaluation_coverage.csv,1753,f4e1c955ad8c73cc375ebb4823dcf24277aaa6d6af4f325c2983b35e92faa1ef
reference_results/numerical_baselines/model_outputs__14_crossfit_distribution_by_endpoint.csv,19028,34acd09b5da7df42e83a83e7bf602d7e3dee6477043a8f7c39b54a0aba784e9a
reference_results/numerical_baselines/model_outputs__15_crossfit_NI_probability_by_margin.csv,35057,b4b9da864008b1a026c3347318883f6251dec0310f16a52002749c067818b763
reference_results/numerical_baselines/model_outputs__16_integrated_overall_liking_revision_summary.csv,9362,153cd04c4d43bb9ac535c790eed2287607acd1e7f48c1c4302ee6cd67fe02a10
reference_results/numerical_baselines/model_outputs__19_generic_purchase_linkage_by_category.csv,632,e524e34d61d7cd23fcfe6715a7846146c4824f1a7d996d8387e71847512963cf
reference_results/README.md,821,4604b867abefae4b31c7636e90669112ddccea5b25aaf91f58a39bdb499b52bd
renv.lock,5758,cb5530554cef9a55b1a07a27b9e41628153d2c6310a72d233c1cd097a1697a10
tests/validate_results.R,2343,11e91f38a5576b23e8822cb392eeea648b2fb96663a78e7cfa9c67093345f05e
