category,category_label,N,age_18_to_35_n,female_n,male_n,flexitarian_n,bachelor_or_higher_n,weekly_or_more_consumption_n,any_core_characteristic_missing_n,age_18_to_35_pct,female_pct,male_pct,flexitarian_pct,bachelor_or_higher_pct,weekly_or_more_consumption_pct,any_core_characteristic_missing_pct
Bacon,Bacon,192,93,96,89,41,131,100,0,48.4375,50,46.354166666666664,21.354166666666668,68.22916666666667,52.083333333333336,0
Bratwurst,Bratwurst,213,107,89,110,59,158,60,0,50.23474178403756,41.78403755868545,51.64319248826291,27.699530516431924,74.17840375586854,28.169014084507044,0
Breaded_Chicken_Filets,Breaded Chicken Filets,91,52,46,41,22,58,33,0,57.142857142857146,50.54945054945055,45.05494505494506,24.175824175824175,63.73626373626374,36.26373626373626,0
Breakfast_Sausages,Breakfast Sausages,204,110,119,80,54,146,99,0,53.92156862745098,58.333333333333336,39.21568627450981,26.470588235294116,71.56862745098039,48.529411764705884,0
Burgers,Burgers,201,102,97,96,41,135,80,0,50.74626865671642,48.25870646766169,47.76119402985075,20.398009950248756,67.16417910447761,39.80099502487562,0
Chicken_Nuggets,Chicken Nuggets,305,183,137,151,80,209,129,0,60,44.91803278688525,49.50819672131148,26.229508196721312,68.52459016393442,42.295081967213115,0
Deli_Ham,Deli Ham,203,92,114,80,53,136,89,0,45.320197044334975,56.1576354679803,39.40886699507389,26.108374384236452,66.99507389162562,43.8423645320197,0
Deli_Turkey,Deli Turkey,203,95,98,95,50,135,99,0,46.79802955665025,48.275862068965516,46.79802955665025,24.63054187192118,66.50246305418719,48.76847290640394,0
Hot_Dogs,Hot Dogs,186,95,82,91,41,118,40,0,51.075268817204304,44.086021505376344,48.924731182795696,22.043010752688172,63.44086021505376,21.50537634408602,0
Meatballs,Meatballs,99,45,50,47,33,63,34,0,45.45454545454545,50.505050505050505,47.474747474747474,33.333333333333336,63.63636363636363,34.343434343434346,0
Pulled_Pork,Pulled Pork,204,90,87,103,48,142,47,0,44.11764705882353,42.64705882352941,50.490196078431374,23.529411764705884,69.6078431372549,23.03921568627451,0
Steak,Steak,195,91,102,84,36,129,75,7,46.666666666666664,52.30769230769231,43.07692307692308,18.46153846153846,66.15384615384616,38.46153846153846,3.58974358974359
Unbreaded_Chicken_Filets,Unbreaded Chicken Filets,197,99,101,92,50,125,141,0,50.253807106598984,51.26903553299493,46.7005076142132,25.380710659898476,63.45177664974619,71.57360406091371,0
Unbreaded_Chicken_StripsandChunks,Unbreaded Chicken Strips and Chunks,189,99,100,81,54,128,145,0,52.38095238095238,52.91005291005291,42.857142857142854,28.571428571428573,67.72486772486772,76.71957671957672,0
