baseline,output
model_outputs__02_source_leader_paired_effects.csv,model_outputs/02_source_leader_paired_effects.csv
model_outputs__03_source_leader_noninferiority_multiplicity.csv,model_outputs/03_source_leader_noninferiority_multiplicity.csv
model_outputs__12_crossfit_selection_frequency.csv,model_outputs/12_crossfit_selection_frequency.csv
model_outputs__12b_crossfit_evaluation_coverage.csv,model_outputs/12b_crossfit_evaluation_coverage.csv
model_outputs__14_crossfit_distribution_by_endpoint.csv,model_outputs/14_crossfit_distribution_by_endpoint.csv
model_outputs__15_crossfit_NI_probability_by_margin.csv,model_outputs/15_crossfit_NI_probability_by_margin.csv
model_outputs__16_integrated_overall_liking_revision_summary.csv,model_outputs/16_integrated_overall_liking_revision_summary.csv
model_outputs__19_generic_purchase_linkage_by_category.csv,model_outputs/19_generic_purchase_linkage_by_category.csv
audit__17_product_presentation_by_category.csv,audit/17_product_presentation_by_category.csv
audit__24_source_leader_missingness_summary.csv,audit/24_source_leader_missingness_summary.csv
additional_sample_audit__06_sample_characteristics_overall_long.csv,additional_sample_audit/06_sample_characteristics_overall_long.csv
additional_sample_audit__09_sample_characteristics_by_category_compact_numeric.csv,additional_sample_audit/09_sample_characteristics_by_category_compact_numeric.csv
additional_sample_audit__14_bcf_missingness_global_tests.csv,additional_sample_audit/14_bcf_missingness_global_tests.csv
additional_sample_audit__16_bcf_numeric_comparisons.csv,additional_sample_audit/16_bcf_numeric_comparisons.csv
additional_sample_audit__17a_bcf_overall_liking_bounded_sensitivity.csv,additional_sample_audit/17a_bcf_overall_liking_bounded_sensitivity.csv
