category,category_label,category_format,modality,delta,successful_repeats,probability_nominal_NI,median_p_ni,mean_diff_mean,minimum_margin_median
Bacon,Bacon,processed/strip,Overall Liking,0.3,500,0,0.9999999999999996,-2.268342748152348,2.591630178754513
Bacon,Bacon,processed/strip,Overall Liking,0.5,500,0,0.9999999999999384,-2.268342748152348,2.591630178754513
Bacon,Bacon,processed/strip,Overall Liking,0.7,500,0,0.9999999999928945,-2.268342748152348,2.591630178754513
Bacon,Bacon,processed/strip,Overall Liking,1,500,0,0.9999999931775632,-2.268342748152348,2.591630178754513
Bacon,Bacon,processed/strip,Flavor,0.3,500,0,0.9999999999999966,-2.4020267524096566,2.7702464597381073
Bacon,Bacon,processed/strip,Flavor,0.5,500,0,0.9999999999997566,-2.4020267524096566,2.7702464597381073
Bacon,Bacon,processed/strip,Flavor,0.7,500,0,0.9999999999841366,-2.4020267524096566,2.7702464597381073
Bacon,Bacon,processed/strip,Flavor,1,500,0,0.9999999926716301,-2.4020267524096566,2.7702464597381073
Bacon,Bacon,processed/strip,Texture,0.3,500,0,0.9999999999999998,-2.3146002805049086,2.646556982068838
Bacon,Bacon,processed/strip,Texture,0.5,500,0,0.9999999999999772,-2.3146002805049086,2.646556982068838
Bacon,Bacon,processed/strip,Texture,0.7,500,0,0.9999999999974876,-2.3146002805049086,2.646556982068838
Bacon,Bacon,processed/strip,Texture,1,500,0,0.9999999973850706,-2.3146002805049086,2.646556982068838
Bacon,Bacon,processed/strip,Appearance,0.3,500,0,1,-2.842350685844449,3.1902580119045316
Bacon,Bacon,processed/strip,Appearance,0.5,500,0,1,-2.842350685844449,3.1902580119045316
Bacon,Bacon,processed/strip,Appearance,0.7,500,0,0.9999999999999999,-2.842350685844449,3.1902580119045316
Bacon,Bacon,processed/strip,Appearance,1,500,0,0.9999999999998979,-2.842350685844449,3.1902580119045316
Bacon,Bacon,processed/strip,Similarity,0.3,500,0,1,-2.9042281191250634,3.307517593572329
Bacon,Bacon,processed/strip,Similarity,0.5,500,0,0.9999999999999994,-2.9042281191250634,3.307517593572329
Bacon,Bacon,processed/strip,Similarity,0.7,500,0,0.9999999999999727,-2.9042281191250634,3.307517593572329
Bacon,Bacon,processed/strip,Similarity,1,500,0,0.9999999999910255,-2.9042281191250634,3.307517593572329
Bratwurst,Bratwurst,processed/sausage,Overall Liking,0.3,500,0,0.9986832124996783,-0.8679245283018868,1.1738115567281733
Bratwurst,Bratwurst,processed/sausage,Overall Liking,0.5,500,0,0.9757417833450268,-0.8679245283018868,1.1738115567281733
Bratwurst,Bratwurst,processed/sausage,Overall Liking,0.7,500,0,0.8178148819105442,-0.8679245283018868,1.1738115567281733
Bratwurst,Bratwurst,processed/sausage,Overall Liking,1,500,0,0.23762602632972785,-0.8679245283018868,1.1738115567281733
Bratwurst,Bratwurst,processed/sausage,Flavor,0.3,500,0,0.9993268707743697,-0.9622641509433962,1.2958916757406795
Bratwurst,Bratwurst,processed/sausage,Flavor,0.5,500,0,0.9882677795436221,-0.9622641509433962,1.2958916757406795
Bratwurst,Bratwurst,processed/sausage,Flavor,0.7,500,0,0.9025469727750517,-0.9622641509433962,1.2958916757406795
Bratwurst,Bratwurst,processed/sausage,Flavor,1,500,0,0.4257363582112655,-0.9622641509433962,1.2958916757406795
Bratwurst,Bratwurst,processed/sausage,Texture,0.3,500,0,0.9999756593411797,-1.169811320754717,1.5104458573978796
Bratwurst,Bratwurst,processed/sausage,Texture,0.5,500,0,0.9992564356499845,-1.169811320754717,1.5104458573978796
Bratwurst,Bratwurst,processed/sausage,Texture,0.7,500,0,0.9879539986206669,-1.169811320754717,1.5104458573978796
Bratwurst,Bratwurst,processed/sausage,Texture,1,500,0,0.7950235188649231,-1.169811320754717,1.5104458573978796
Bratwurst,Bratwurst,processed/sausage,Appearance,0.3,500,0,0.1090921603646364,-0.05660377358490566,0.38265896483893813
Bratwurst,Bratwurst,processed/sausage,Appearance,0.5,500,1,0.013048476145903237,-0.05660377358490566,0.38265896483893813
Bratwurst,Bratwurst,processed/sausage,Appearance,0.7,500,1,7.167367538121276e-4,-0.05660377358490566,0.38265896483893813
Bratwurst,Bratwurst,processed/sausage,Appearance,1,500,1,2.6237295452111622e-6,-0.05660377358490566,0.38265896483893813
Bratwurst,Bratwurst,processed/sausage,Similarity,0.3,500,0,0.9999999025984159,-1.3679245283018868,1.685908126471442
Bratwurst,Bratwurst,processed/sausage,Similarity,0.5,500,0,0.9999921579409337,-1.3679245283018868,1.685908126471442
Bratwurst,Bratwurst,processed/sausage,Similarity,0.7,500,0,0.9996412516605273,-1.3679245283018868,1.685908126471442
Bratwurst,Bratwurst,processed/sausage,Similarity,1,500,0,0.9712224571070573,-1.3679245283018868,1.685908126471442
Breaded_Chicken_Filets,Breaded Chicken Filets,breaded/coated,Overall Liking,0.3,500,0,0.8266364229403613,-0.5202301004099784,0.8870703590568304
Breaded_Chicken_Filets,Breaded Chicken Filets,breaded/coated,Overall Liking,0.5,500,0,0.522666762699183,-0.5202301004099784,0.8870703590568304
Breaded_Chicken_Filets,Breaded Chicken Filets,breaded/coated,Overall Liking,0.7,500,0,0.20379884584799285,-0.5202301004099784,0.8870703590568304
Breaded_Chicken_Filets,Breaded Chicken Filets,breaded/coated,Overall Liking,1,500,0.98,0.016653057622306493,-0.5202301004099784,0.8870703590568304
Breaded_Chicken_Filets,Breaded Chicken Filets,breaded/coated,Flavor,0.3,500,0,0.8937025563422809,-0.5692973142936557,0.9139360833957694
Breaded_Chicken_Filets,Breaded Chicken Filets,breaded/coated,Flavor,0.5,500,0,0.6194316525474461,-0.5692973142936557,0.9139360833957694
Breaded_Chicken_Filets,Breaded Chicken Filets,breaded/coated,Flavor,0.7,500,0,0.2598597007518162,-0.5692973142936557,0.9139360833957694
Breaded_Chicken_Filets,Breaded Chicken Filets,breaded/coated,Flavor,1,500,0.98,0.020688736442717796,-0.5692973142936557,0.9139360833957694
Breaded_Chicken_Filets,Breaded Chicken Filets,breaded/coated,Texture,0.3,500,0,0.9414957552222815,-0.6456730670789614,0.9991829294944767
Breaded_Chicken_Filets,Breaded Chicken Filets,breaded/coated,Texture,0.5,500,0,0.7429674358816054,-0.6456730670789614,0.9991829294944767
Breaded_Chicken_Filets,Breaded Chicken Filets,breaded/coated,Texture,0.7,500,0,0.39235529038586114,-0.6456730670789614,0.9991829294944767
Breaded_Chicken_Filets,Breaded Chicken Filets,breaded/coated,Texture,1,500,0.98,0.04962092037597575,-0.6456730670789614,0.9991829294944767
Breaded_Chicken_Filets,Breaded Chicken Filets,breaded/coated,Appearance,0.3,500,0,0.987695423145073,-0.7441768228985709,1.0657403469063416
Breaded_Chicken_Filets,Breaded Chicken Filets,breaded/coated,Appearance,0.5,500,0,0.894061446324137,-0.7441768228985709,1.0657403469063416
Breaded_Chicken_Filets,Breaded Chicken Filets,breaded/coated,Appearance,0.7,500,0,0.5888182139096395,-0.7441768228985709,1.0657403469063416
Breaded_Chicken_Filets,Breaded Chicken Filets,breaded/coated,Appearance,1,500,0.006,0.0945223681997715,-0.7441768228985709,1.0657403469063416
Breaded_Chicken_Filets,Breaded Chicken Filets,breaded/coated,Similarity,0.3,500,0,0.9407617119356129,-0.682768464665416,1.0796605362056129
Breaded_Chicken_Filets,Breaded Chicken Filets,breaded/coated,Similarity,0.5,500,0,0.7712526891900855,-0.682768464665416,1.0796605362056129
Breaded_Chicken_Filets,Breaded Chicken Filets,breaded/coated,Similarity,0.7,500,0,0.4661056239813558,-0.682768464665416,1.0796605362056129
Breaded_Chicken_Filets,Breaded Chicken Filets,breaded/coated,Similarity,1,500,0,0.09315547153369305,-0.682768464665416,1.0796605362056129
Breakfast_Sausages,Breakfast Sausages,processed/sausage,Overall Liking,0.3,500,0,0.951847725756409,-0.6429267765143162,0.9743875246340128
Breakfast_Sausages,Breakfast Sausages,processed/sausage,Overall Liking,0.5,500,0,0.757389313538507,-0.6429267765143162,0.9743875246340128
Breakfast_Sausages,Breakfast Sausages,processed/sausage,Overall Liking,0.7,500,0.012,0.391437952216137,-0.6429267765143162,0.9743875246340128
Breakfast_Sausages,Breakfast Sausages,processed/sausage,Overall Liking,1,500,0.574,0.03835569996301358,-0.6429267765143162,0.9743875246340128
Breakfast_Sausages,Breakfast Sausages,processed/sausage,Flavor,0.3,500,0,0.9898451827791073,-0.7990975827108696,1.1575927694438948
Breakfast_Sausages,Breakfast Sausages,processed/sausage,Flavor,0.5,500,0,0.9195737464077255,-0.7990975827108696,1.1575927694438948
Breakfast_Sausages,Breakfast Sausages,processed/sausage,Flavor,0.7,500,0,0.682958312190797,-0.7990975827108696,1.1575927694438948
Breakfast_Sausages,Breakfast Sausages,processed/sausage,Flavor,1,500,0.098,0.1781421649111698,-0.7990975827108696,1.1575927694438948
Breakfast_Sausages,Breakfast Sausages,processed/sausage,Texture,0.3,500,0,0.9596141258968243,-0.67619573064331,1.0282000328672145
Breakfast_Sausages,Breakfast Sausages,processed/sausage,Texture,0.5,500,0,0.7979868467009252,-0.67619573064331,1.0282000328672145
Breakfast_Sausages,Breakfast Sausages,processed/sausage,Texture,0.7,500,0.008,0.4585307360675501,-0.67619573064331,1.0282000328672145
Breakfast_Sausages,Breakfast Sausages,processed/sausage,Texture,1,500,0.424,0.06564951429833063,-0.67619573064331,1.0282000328672145
Breakfast_Sausages,Breakfast Sausages,processed/sausage,Appearance,0.3,500,0,0.7932180686210939,-0.4459056401905182,0.7654851788140221
Breakfast_Sausages,Breakfast Sausages,processed/sausage,Appearance,0.5,500,0.016,0.4049878253270877,-0.4459056401905182,0.7654851788140221
Breakfast_Sausages,Breakfast Sausages,processed/sausage,Appearance,0.7,500,0.296,0.09782163787688547,-0.4459056401905182,0.7654851788140221
Breakfast_Sausages,Breakfast Sausages,processed/sausage,Appearance,1,500,0.99,0.002276916971556576,-0.4459056401905182,0.7654851788140221
Breakfast_Sausages,Breakfast Sausages,processed/sausage,Similarity,0.3,500,0,0.9999879494368198,-1.3727762206980263,1.7646422846029524
Breakfast_Sausages,Breakfast Sausages,processed/sausage,Similarity,0.5,500,0,0.9997629747245558,-1.3727762206980263,1.7646422846029524
Breakfast_Sausages,Breakfast Sausages,processed/sausage,Similarity,0.7,500,0,0.996771582290748,-1.3727762206980263,1.7646422846029524
Breakfast_Sausages,Breakfast Sausages,processed/sausage,Similarity,1,500,0,0.934497714474263,-1.3727762206980263,1.7646422846029524
Burgers,Burgers,comminuted/patty,Overall Liking,0.3,500,0,0.5209593878708941,-0.3818190948057775,0.6162187825111449
Burgers,Burgers,comminuted/patty,Overall Liking,0.5,500,0,0.15269822741603356,-0.3818190948057775,0.6162187825111449
Burgers,Burgers,comminuted/patty,Overall Liking,0.7,500,0.592,0.018456249514701012,-0.3818190948057775,0.6162187825111449
Burgers,Burgers,comminuted/patty,Overall Liking,1,500,0.988,1.4824745333521724e-4,-0.3818190948057775,0.6162187825111449
Burgers,Burgers,comminuted/patty,Flavor,0.3,500,0,0.6631251898322699,-0.45787225261174913,0.6969523020538156
Burgers,Burgers,comminuted/patty,Flavor,0.5,500,0,0.2662237738180721,-0.45787225261174913,0.6969523020538156
Burgers,Burgers,comminuted/patty,Flavor,0.7,500,0.538,0.04840662770223593,-0.45787225261174913,0.6969523020538156
Burgers,Burgers,comminuted/patty,Flavor,1,500,0.954,7.693860734734355e-4,-0.45787225261174913,0.6969523020538156
Burgers,Burgers,comminuted/patty,Texture,0.3,500,0,0.8176252303455036,-0.49117396651742384,0.7521001221547414
Burgers,Burgers,comminuted/patty,Texture,0.5,500,0,0.4107073691764897,-0.49117396651742384,0.7521001221547414
Burgers,Burgers,comminuted/patty,Texture,0.7,500,0.058,0.08787682528443214,-0.49117396651742384,0.7521001221547414
Burgers,Burgers,comminuted/patty,Texture,1,500,0.966,0.0013554693335735004,-0.49117396651742384,0.7521001221547414
Burgers,Burgers,comminuted/patty,Appearance,0.3,500,0,0.8520152244555029,-0.4996051334434357,0.7816707249129271
Burgers,Burgers,comminuted/patty,Appearance,0.5,500,0,0.47031479215110406,-0.4996051334434357,0.7816707249129271
Burgers,Burgers,comminuted/patty,Appearance,0.7,500,0.048,0.11646899499102487,-0.4996051334434357,0.7816707249129271
Burgers,Burgers,comminuted/patty,Appearance,1,500,0.992,0.0023389580167509014,-0.4996051334434357,0.7816707249129271
Burgers,Burgers,comminuted/patty,Similarity,0.3,500,0,0.9980410509215489,-0.9159915354825571,1.1589650383792316
Burgers,Burgers,comminuted/patty,Similarity,0.5,500,0,0.968217568333537,-0.9159915354825571,1.1589650383792316
Burgers,Burgers,comminuted/patty,Similarity,0.7,500,0,0.7877879158885901,-0.9159915354825571,1.1589650383792316
Burgers,Burgers,comminuted/patty,Similarity,1,500,0,0.21084804468892382,-0.9159915354825571,1.1589650383792316
Chicken_Nuggets,Chicken Nuggets,breaded/coated,Overall Liking,0.3,500,0,0.8362080507682791,-0.5184213611312741,0.8449873914353618
Chicken_Nuggets,Chicken Nuggets,breaded/coated,Overall Liking,0.5,500,0,0.5094807462443806,-0.5184213611312741,0.8449873914353618
Chicken_Nuggets,Chicken Nuggets,breaded/coated,Overall Liking,0.7,500,0.126,0.17113571135377587,-0.5184213611312741,0.8449873914353618
Chicken_Nuggets,Chicken Nuggets,breaded/coated,Overall Liking,1,500,0.842,0.00902644632300182,-0.5184213611312741,0.8449873914353618
Chicken_Nuggets,Chicken Nuggets,breaded/coated,Flavor,0.3,500,0,0.89816683202656,-0.5999136183776173,0.9669189689987718
Chicken_Nuggets,Chicken Nuggets,breaded/coated,Flavor,0.5,500,0,0.6491234116697262,-0.5999136183776173,0.9669189689987718
Chicken_Nuggets,Chicken Nuggets,breaded/coated,Flavor,0.7,500,0.042,0.3109098028873598,-0.5999136183776173,0.9669189689987718
Chicken_Nuggets,Chicken Nuggets,breaded/coated,Flavor,1,500,0.584,0.03656652930839023,-0.5999136183776173,0.9669189689987718
Chicken_Nuggets,Chicken Nuggets,breaded/coated,Texture,0.3,500,0.37,0.074821517043872,0.025212717869725117,0.3488703400534464
Chicken_Nuggets,Chicken Nuggets,breaded/coated,Texture,0.5,500,0.83,0.011363590818189842,0.025212717869725117,0.3488703400534464
Chicken_Nuggets,Chicken Nuggets,breaded/coated,Texture,0.7,500,0.98,9.19991553369959e-4,0.025212717869725117,0.3488703400534464
Chicken_Nuggets,Chicken Nuggets,breaded/coated,Texture,1,500,1,9.170270308606268e-6,0.025212717869725117,0.3488703400534464
Chicken_Nuggets,Chicken Nuggets,breaded/coated,Appearance,0.3,500,0.446,0.06198924349485134,-0.02740410576340613,0.319261688306137
Chicken_Nuggets,Chicken Nuggets,breaded/coated,Appearance,0.5,500,0.952,0.004092725790127157,-0.02740410576340613,0.319261688306137
Chicken_Nuggets,Chicken Nuggets,breaded/coated,Appearance,0.7,500,1,1.1487486617534187e-4,-0.02740410576340613,0.319261688306137
Chicken_Nuggets,Chicken Nuggets,breaded/coated,Appearance,1,500,1,1.3504560291349043e-7,-0.02740410576340613,0.319261688306137
Chicken_Nuggets,Chicken Nuggets,breaded/coated,Similarity,0.3,500,0.032,0.38166026514991147,-0.23399628765401262,0.6192680501836023
Chicken_Nuggets,Chicken Nuggets,breaded/coated,Similarity,0.5,500,0.27,0.12602340111298382,-0.23399628765401262,0.6192680501836023
Chicken_Nuggets,Chicken Nuggets,breaded/coated,Similarity,0.7,500,0.636,0.02362632756662574,-0.23399628765401262,0.6192680501836023
Chicken_Nuggets,Chicken Nuggets,breaded/coated,Similarity,1,500,0.976,7.09451893133662e-4,-0.23399628765401262,0.6192680501836023
Deli_Ham,Deli Ham,processed/deli,Overall Liking,0.3,500,0,0.9962876300204155,-0.8853556545396352,1.119196224036544
Deli_Ham,Deli Ham,processed/deli,Overall Liking,0.5,500,0,0.949919593731946,-0.8853556545396352,1.119196224036544
Deli_Ham,Deli Ham,processed/deli,Overall Liking,0.7,500,0,0.72075354584652,-0.8853556545396352,1.119196224036544
Deli_Ham,Deli Ham,processed/deli,Overall Liking,1,500,0,0.15485301361602918,-0.8853556545396352,1.119196224036544
Deli_Ham,Deli Ham,processed/deli,Flavor,0.3,500,0,0.9997884322559818,-1.1014921613604365,1.3605423363487947
Deli_Ham,Deli Ham,processed/deli,Flavor,0.5,500,0,0.9952496484403544,-1.1014921613604365,1.3605423363487947
Deli_Ham,Deli Ham,processed/deli,Flavor,0.7,500,0,0.9482613684645091,-1.1014921613604365,1.3605423363487947
Deli_Ham,Deli Ham,processed/deli,Flavor,1,500,0,0.5566529311938673,-1.1014921613604365,1.3605423363487947
Deli_Ham,Deli Ham,processed/deli,Texture,0.3,500,0,0.9999897086733769,-1.2598211936454942,1.5085820895668451
Deli_Ham,Deli Ham,processed/deli,Texture,0.5,500,0,0.9995936873971656,-1.2598211936454942,1.5085820895668451
Deli_Ham,Deli Ham,processed/deli,Texture,0.7,500,0,0.9917313979420962,-1.2598211936454942,1.5085820895668451
Deli_Ham,Deli Ham,processed/deli,Texture,1,500,0,0.8192714797872112,-1.2598211936454942,1.5085820895668451
Deli_Ham,Deli Ham,processed/deli,Appearance,0.3,500,0,0.9985058845700938,-0.9029858293429396,1.028751434349233
Deli_Ham,Deli Ham,processed/deli,Appearance,0.5,500,0,0.9585193738669527,-0.9029858293429396,1.028751434349233
Deli_Ham,Deli Ham,processed/deli,Appearance,0.7,500,0,0.6770077903102225,-0.9029858293429396,1.028751434349233
Deli_Ham,Deli Ham,processed/deli,Appearance,1,500,0,0.0717240210218001,-0.9029858293429396,1.028751434349233
Deli_Ham,Deli Ham,processed/deli,Similarity,0.3,500,0,0.9997362778434107,-1.1511970869602508,1.3943979571830314
Deli_Ham,Deli Ham,processed/deli,Similarity,0.5,500,0,0.9949572106244509,-1.1511970869602508,1.3943979571830314
Deli_Ham,Deli Ham,processed/deli,Similarity,0.7,500,0,0.9504043423162273,-1.1511970869602508,1.3943979571830314
Deli_Ham,Deli Ham,processed/deli,Similarity,1,500,0,0.5899136531399918,-1.1511970869602508,1.3943979571830314
Deli_Turkey,Deli Turkey,processed/deli,Overall Liking,0.3,500,0,0.7931426336369902,-0.467078431372549,0.7859880388563518
Deli_Turkey,Deli Turkey,processed/deli,Overall Liking,0.5,500,0,0.4208688594091367,-0.467078431372549,0.7859880388563518
Deli_Turkey,Deli Turkey,processed/deli,Overall Liking,0.7,500,0,0.11243909871277118,-0.467078431372549,0.7859880388563518
Deli_Turkey,Deli Turkey,processed/deli,Overall Liking,1,500,0.976,0.0035058225462880834,-0.467078431372549,0.7859880388563518
Deli_Turkey,Deli Turkey,processed/deli,Flavor,0.3,500,0,0.986670677523865,-0.7508039215686275,1.0735876051721684
Deli_Turkey,Deli Turkey,processed/deli,Flavor,0.5,500,0,0.8908262846671451,-0.7508039215686275,1.0735876051721684
Deli_Turkey,Deli Turkey,processed/deli,Flavor,0.7,500,0,0.5899119011757794,-0.7508039215686275,1.0735876051721684
Deli_Turkey,Deli Turkey,processed/deli,Flavor,1,500,0,0.1003111683969853,-0.7508039215686275,1.0735876051721684
Deli_Turkey,Deli Turkey,processed/deli,Texture,0.3,500,0,0.9195934819166389,-0.6014117647058823,0.9482643944947966
Deli_Turkey,Deli Turkey,processed/deli,Texture,0.5,500,0,0.6784301537978069,-0.6014117647058823,0.9482643944947966
Deli_Turkey,Deli Turkey,processed/deli,Texture,0.7,500,0,0.31496511723678167,-0.6014117647058823,0.9482643944947966
Deli_Turkey,Deli Turkey,processed/deli,Texture,1,500,0.976,0.02979199257091158,-0.6014117647058823,0.9482643944947966
Deli_Turkey,Deli Turkey,processed/deli,Appearance,0.3,500,0,0.9999902433386376,-1.2861960784313726,1.6488489418717711
Deli_Turkey,Deli Turkey,processed/deli,Appearance,0.5,500,0,0.9997274790592179,-1.2861960784313726,1.6488489418717711
Deli_Turkey,Deli Turkey,processed/deli,Appearance,0.7,500,0,0.9954671796262151,-1.2861960784313726,1.6488489418717711
Deli_Turkey,Deli Turkey,processed/deli,Appearance,1,500,0,0.9008215121428125,-1.2861960784313726,1.6488489418717711
Deli_Turkey,Deli Turkey,processed/deli,Similarity,0.3,500,0,0.9999267459980925,-1.192843137254902,1.559047805231054
Deli_Turkey,Deli Turkey,processed/deli,Similarity,0.5,500,0,0.9985660049977636,-1.192843137254902,1.559047805231054
Deli_Turkey,Deli Turkey,processed/deli,Similarity,0.7,500,0,0.9836497574829702,-1.192843137254902,1.559047805231054
Deli_Turkey,Deli Turkey,processed/deli,Similarity,1,500,0,0.795622643006097,-1.192843137254902,1.559047805231054
Hot_Dogs,Hot Dogs,processed/sausage,Overall Liking,0.3,500,0,0.6833250165692926,-0.3977272727272727,0.7371376801472471
Hot_Dogs,Hot Dogs,processed/sausage,Overall Liking,0.5,500,0,0.3088288547315291,-0.3977272727272727,0.7371376801472471
Hot_Dogs,Hot Dogs,processed/sausage,Overall Liking,0.7,500,0,0.07115708599871991,-0.3977272727272727,0.7371376801472471
Hot_Dogs,Hot Dogs,processed/sausage,Overall Liking,1,500,1,0.002039927706774116,-0.3977272727272727,0.7371376801472471
Hot_Dogs,Hot Dogs,processed/sausage,Flavor,0.3,500,0,0.5303099122380429,-0.3181818181818182,0.714519785102343
Hot_Dogs,Hot Dogs,processed/sausage,Flavor,0.5,500,0,0.22385554011334535,-0.3181818181818182,0.714519785102343
Hot_Dogs,Hot Dogs,processed/sausage,Flavor,0.7,500,0,0.05642901624006367,-0.3181818181818182,0.714519785102343
Hot_Dogs,Hot Dogs,processed/sausage,Flavor,1,500,1,0.0026507592146915834,-0.3181818181818182,0.714519785102343
Hot_Dogs,Hot Dogs,processed/sausage,Texture,0.3,500,0,0.9357175943939522,-0.6931818181818182,1.119208684177429
Hot_Dogs,Hot Dogs,processed/sausage,Texture,0.5,500,0,0.7735234902115986,-0.6931818181818182,1.119208684177429
Hot_Dogs,Hot Dogs,processed/sausage,Texture,0.7,500,0,0.48941676315427324,-0.6931818181818182,1.119208684177429
Hot_Dogs,Hot Dogs,processed/sausage,Texture,1,500,0,0.11721139544613786,-0.6931818181818182,1.119208684177429
Hot_Dogs,Hot Dogs,processed/sausage,Appearance,0.3,500,0,0.8261221777142139,-0.4772727272727273,0.7894641701452032
Hot_Dogs,Hot Dogs,processed/sausage,Appearance,0.5,500,0,0.45197209038224173,-0.4772727272727273,0.7894641701452032
Hot_Dogs,Hot Dogs,processed/sausage,Appearance,0.7,500,0,0.11940184657622564,-0.4772727272727273,0.7894641701452032
Hot_Dogs,Hot Dogs,processed/sausage,Appearance,1,500,1,0.0032955679005426705,-0.4772727272727273,0.7894641701452032
Hot_Dogs,Hot Dogs,processed/sausage,Similarity,0.3,500,0,0.9729682961106709,-0.8068181818181818,1.2383183180758883
Hot_Dogs,Hot Dogs,processed/sausage,Similarity,0.5,500,0,0.8798186891665226,-0.8068181818181818,1.2383183180758883
Hot_Dogs,Hot Dogs,processed/sausage,Similarity,0.7,500,0,0.6591656206109507,-0.8068181818181818,1.2383183180758883
Hot_Dogs,Hot Dogs,processed/sausage,Similarity,1,500,0,0.22934315821330087,-0.8068181818181818,1.2383183180758883
Meatballs,Meatballs,comminuted/meatball,Overall Liking,0.3,500,0,0.8336331745513703,-0.45454545454545453,0.71817946577155
Meatballs,Meatballs,comminuted/meatball,Overall Liking,0.5,500,0,0.3876246440631862,-0.45454545454545453,0.71817946577155
Meatballs,Meatballs,comminuted/meatball,Overall Liking,0.7,500,0,0.06265858454136783,-0.45454545454545453,0.71817946577155
Meatballs,Meatballs,comminuted/meatball,Overall Liking,1,500,1,4.3419293018111813e-4,-0.45454545454545453,0.71817946577155
Meatballs,Meatballs,comminuted/meatball,Flavor,0.3,500,0,0.7483733871238496,-0.41414141414141414,0.6962500120072121
Meatballs,Meatballs,comminuted/meatball,Flavor,0.5,500,0,0.3072126927448138,-0.41414141414141414,0.6962500120072121
Meatballs,Meatballs,comminuted/meatball,Flavor,0.7,500,1,0.04781569258176071,-0.41414141414141414,0.6962500120072121
Meatballs,Meatballs,comminuted/meatball,Flavor,1,500,1,4.1621614392117713e-4,-0.41414141414141414,0.6962500120072121
Meatballs,Meatballs,comminuted/meatball,Texture,0.3,500,0,0.6759375008846598,-0.3838383838383838,0.6879547910285768
Meatballs,Meatballs,comminuted/meatball,Texture,0.5,500,0,0.26369079912278603,-0.3838383838383838,0.6879547910285768
Meatballs,Meatballs,comminuted/meatball,Texture,0.7,500,1,0.04372045673680411,-0.3838383838383838,0.6879547910285768
Meatballs,Meatballs,comminuted/meatball,Texture,1,500,1,5.480397538247872e-4,-0.3838383838383838,0.6879547910285768
Meatballs,Meatballs,comminuted/meatball,Appearance,0.3,500,1,0.0015380788146462472,0.020202020202020204,0.1549649690298322
Meatballs,Meatballs,comminuted/meatball,Appearance,0.5,500,1,1.666537004755928e-6,0.020202020202020204,0.1549649690298322
Meatballs,Meatballs,comminuted/meatball,Appearance,0.7,500,1,3.641063074940713e-10,0.020202020202020204,0.1549649690298322
Meatballs,Meatballs,comminuted/meatball,Appearance,1,500,1,3.128587372387058e-16,0.020202020202020204,0.1549649690298322
Meatballs,Meatballs,comminuted/meatball,Similarity,0.3,500,0,0.9607014744899876,-0.6464646464646465,0.970143835020502
Meatballs,Meatballs,comminuted/meatball,Similarity,0.5,500,0,0.7728932224448666,-0.6464646464646465,0.970143835020502
Meatballs,Meatballs,comminuted/meatball,Similarity,0.7,500,0,0.39208199744923383,-0.6464646464646465,0.970143835020502
Meatballs,Meatballs,comminuted/meatball,Similarity,1,500,1,0.03639057780805261,-0.6464646464646465,0.970143835020502
Pulled_Pork,Pulled Pork,shredded/pulled,Overall Liking,0.3,500,0,0.9520764670752906,-0.6077031644340904,0.9041321949871404
Pulled_Pork,Pulled Pork,shredded/pulled,Overall Liking,0.5,500,0,0.7167084340394507,-0.6077031644340904,0.9041321949871404
Pulled_Pork,Pulled Pork,shredded/pulled,Overall Liking,0.7,500,0,0.29823251829009967,-0.6077031644340904,0.9041321949871404
Pulled_Pork,Pulled Pork,shredded/pulled,Overall Liking,1,500,0.99,0.01540663338427529,-0.6077031644340904,0.9041321949871404
Pulled_Pork,Pulled Pork,shredded/pulled,Flavor,0.3,500,0,0.981234033847719,-0.7059417588817705,1.0203464686110497
Pulled_Pork,Pulled Pork,shredded/pulled,Flavor,0.5,500,0,0.854549584733953,-0.7059417588817705,1.0203464686110497
Pulled_Pork,Pulled Pork,shredded/pulled,Flavor,0.7,500,0,0.506183034229076,-0.7059417588817705,1.0203464686110497
Pulled_Pork,Pulled Pork,shredded/pulled,Flavor,1,500,0,0.06169575945740165,-0.7059417588817705,1.0203464686110497
Pulled_Pork,Pulled Pork,shredded/pulled,Texture,0.3,500,0,0.9951034765928751,-0.7944154533100369,1.1022997742857785
Pulled_Pork,Pulled Pork,shredded/pulled,Texture,0.5,500,0,0.9394112211867998,-0.7944154533100369,1.1022997742857785
Pulled_Pork,Pulled Pork,shredded/pulled,Texture,0.7,500,0,0.6883787491193807,-0.7944154533100369,1.1022997742857785
Pulled_Pork,Pulled Pork,shredded/pulled,Texture,1,500,0,0.13424228381528935,-0.7944154533100369,1.1022997742857785
Pulled_Pork,Pulled Pork,shredded/pulled,Appearance,0.3,500,0,0.8649096823677432,-0.517055329062318,0.8365571741942968
Pulled_Pork,Pulled Pork,shredded/pulled,Appearance,0.5,500,0,0.5304702210815933,-0.517055329062318,0.8365571741942968
Pulled_Pork,Pulled Pork,shredded/pulled,Appearance,0.7,500,0,0.17081443459903567,-0.517055329062318,0.8365571741942968
Pulled_Pork,Pulled Pork,shredded/pulled,Appearance,1,500,0.992,0.006953939578843742,-0.517055329062318,0.8365571741942968
Pulled_Pork,Pulled Pork,shredded/pulled,Similarity,0.3,500,0,0.9999956514742085,-1.3290805668802175,1.6902533237556878
Pulled_Pork,Pulled Pork,shredded/pulled,Similarity,0.5,500,0,0.9998645640243424,-1.3290805668802175,1.6902533237556878
Pulled_Pork,Pulled Pork,shredded/pulled,Similarity,0.7,500,0,0.9974387455846019,-1.3290805668802175,1.6902533237556878
Pulled_Pork,Pulled Pork,shredded/pulled,Similarity,1,500,0,0.9306051794370447,-1.3290805668802175,1.6902533237556878
Steak,Steak,whole-cut-like,Overall Liking,0.3,500,0,0.9999999855535682,-1.6145894736842106,1.9817503034878357
Steak,Steak,whole-cut-like,Overall Liking,0.5,500,0,0.9999992603259279,-1.6145894736842106,1.9817503034878357
Steak,Steak,whole-cut-like,Overall Liking,0.7,500,0,0.999972387564362,-1.6145894736842106,1.9817503034878357
Steak,Steak,whole-cut-like,Overall Liking,1,500,0,0.997305653362957,-1.6145894736842106,1.9817503034878357
Steak,Steak,whole-cut-like,Flavor,0.3,500,0,0.9999999661469301,-1.6297263157894737,2.0074780018784577
Steak,Steak,whole-cut-like,Flavor,0.5,500,0,0.9999985905018696,-1.6297263157894737,2.0074780018784577
Steak,Steak,whole-cut-like,Flavor,0.7,500,0,0.9999560971050764,-1.6297263157894737,2.0074780018784577
Steak,Steak,whole-cut-like,Flavor,1,500,0,0.996683221519126,-1.6297263157894737,2.0074780018784577
Steak,Steak,whole-cut-like,Texture,0.3,500,0,0.9999999169898955,-1.5847157894736843,1.9448167527106333
Steak,Steak,whole-cut-like,Texture,0.5,500,0,0.999996593869397,-1.5847157894736843,1.9448167527106333
Steak,Steak,whole-cut-like,Texture,0.7,500,0,0.9999070900352743,-1.5847157894736843,1.9448167527106333
Steak,Steak,whole-cut-like,Texture,1,500,0,0.9939200988187894,-1.5847157894736843,1.9448167527106333
Steak,Steak,whole-cut-like,Appearance,0.3,500,0,0.9999995257716021,-1.3785052631578947,1.7054326003367575
Steak,Steak,whole-cut-like,Appearance,0.5,500,0,0.999976697345023,-1.3785052631578947,1.7054326003367575
Steak,Steak,whole-cut-like,Appearance,0.7,500,0,0.9992922525039373,-1.3785052631578947,1.7054326003367575
Steak,Steak,whole-cut-like,Appearance,1,500,0,0.9637963491577985,-1.3785052631578947,1.7054326003367575
Steak,Steak,whole-cut-like,Similarity,0.3,500,0,0.9999999999997915,-2.342021052631579,2.7208945480458264
Steak,Steak,whole-cut-like,Similarity,0.5,500,0,0.9999999999884543,-2.342021052631579,2.7208945480458264
Steak,Steak,whole-cut-like,Similarity,0.7,500,0,0.9999999994162864,-2.342021052631579,2.7208945480458264
Steak,Steak,whole-cut-like,Similarity,1,500,0,0.9999998455785556,-2.342021052631579,2.7208945480458264
Unbreaded_Chicken_Filets,Unbreaded Chicken Filets,whole-muscle-like filet,Overall Liking,0.3,500,0,0.10810775755513888,-0.13198192077003246,0.3742477919434881
Unbreaded_Chicken_Filets,Unbreaded Chicken Filets,whole-muscle-like filet,Overall Liking,0.5,500,0.758,0.00999247816546396,-0.13198192077003246,0.3742477919434881
Unbreaded_Chicken_Filets,Unbreaded Chicken Filets,whole-muscle-like filet,Overall Liking,0.7,500,0.966,3.6568131029125983e-4,-0.13198192077003246,0.3742477919434881
Unbreaded_Chicken_Filets,Unbreaded Chicken Filets,whole-muscle-like filet,Overall Liking,1,500,1,6.047954816732468e-7,-0.13198192077003246,0.3742477919434881
Unbreaded_Chicken_Filets,Unbreaded Chicken Filets,whole-muscle-like filet,Flavor,0.3,500,0.726,0.04939528155891236,0.01524061900878837,0.29866907921125485
Unbreaded_Chicken_Filets,Unbreaded Chicken Filets,whole-muscle-like filet,Flavor,0.5,500,0.854,0.0057844949632426404,0.01524061900878837,0.29866907921125485
Unbreaded_Chicken_Filets,Unbreaded Chicken Filets,whole-muscle-like filet,Flavor,0.7,500,0.988,3.7329027615027504e-4,0.01524061900878837,0.29866907921125485
Unbreaded_Chicken_Filets,Unbreaded Chicken Filets,whole-muscle-like filet,Flavor,1,500,1,2.3586648963269104e-6,0.01524061900878837,0.29866907921125485
Unbreaded_Chicken_Filets,Unbreaded Chicken Filets,whole-muscle-like filet,Texture,0.3,500,0,0.8473749770954846,-0.5512889362654141,0.8855570938960191
Unbreaded_Chicken_Filets,Unbreaded Chicken Filets,whole-muscle-like filet,Texture,0.5,500,0,0.5442873577078136,-0.5512889362654141,0.8855570938960191
Unbreaded_Chicken_Filets,Unbreaded Chicken Filets,whole-muscle-like filet,Texture,0.7,500,0,0.21066163523241,-0.5512889362654141,0.8855570938960191
Unbreaded_Chicken_Filets,Unbreaded Chicken Filets,whole-muscle-like filet,Texture,1,500,0.874,0.015561130044908554,-0.5512889362654141,0.8855570938960191
Unbreaded_Chicken_Filets,Unbreaded Chicken Filets,whole-muscle-like filet,Appearance,0.3,500,0,0.9762196698483794,-0.6813548623668764,0.9938155416953658
Unbreaded_Chicken_Filets,Unbreaded Chicken Filets,whole-muscle-like filet,Appearance,0.5,500,0,0.8275385688270627,-0.6813548623668764,0.9938155416953658
Unbreaded_Chicken_Filets,Unbreaded Chicken Filets,whole-muscle-like filet,Appearance,0.7,500,0,0.45721824313442994,-0.6813548623668764,0.9938155416953658
Unbreaded_Chicken_Filets,Unbreaded Chicken Filets,whole-muscle-like filet,Appearance,1,500,0.846,0.04679183413738254,-0.6813548623668764,0.9938155416953658
Unbreaded_Chicken_Filets,Unbreaded Chicken Filets,whole-muscle-like filet,Similarity,0.3,500,0,0.9994704509584902,-1.1113120792673212,1.5040848683349843
Unbreaded_Chicken_Filets,Unbreaded Chicken Filets,whole-muscle-like filet,Similarity,0.5,500,0,0.9936230602659972,-1.1113120792673212,1.5040848683349843
Unbreaded_Chicken_Filets,Unbreaded Chicken Filets,whole-muscle-like filet,Similarity,0.7,500,0,0.9538780437851186,-1.1113120792673212,1.5040848683349843
Unbreaded_Chicken_Filets,Unbreaded Chicken Filets,whole-muscle-like filet,Similarity,1,500,0,0.671804186424343,-1.1113120792673212,1.5040848683349843
Unbreaded_Chicken_StripsandChunks,Unbreaded Chicken Strips and Chunks,whole-muscle-like chunks,Overall Liking,0.3,500,0,0.9999917609306921,-1.3157290579350496,1.6823919425757115
Unbreaded_Chicken_StripsandChunks,Unbreaded Chicken Strips and Chunks,whole-muscle-like chunks,Overall Liking,0.5,500,0,0.9997907324023343,-1.3157290579350496,1.6823919425757115
Unbreaded_Chicken_StripsandChunks,Unbreaded Chicken Strips and Chunks,whole-muscle-like chunks,Overall Liking,0.7,500,0,0.9965659333312544,-1.3157290579350496,1.6823919425757115
Unbreaded_Chicken_StripsandChunks,Unbreaded Chicken Strips and Chunks,whole-muscle-like chunks,Overall Liking,1,500,0,0.9159903579778856,-1.3157290579350496,1.6823919425757115
Unbreaded_Chicken_StripsandChunks,Unbreaded Chicken Strips and Chunks,whole-muscle-like chunks,Flavor,0.3,500,0,0.9999999943942747,-1.6330450373039527,2.012862642604119
Unbreaded_Chicken_StripsandChunks,Unbreaded Chicken Strips and Chunks,whole-muscle-like chunks,Flavor,0.5,500,0,0.9999996696114302,-1.6330450373039527,2.012862642604119
Unbreaded_Chicken_StripsandChunks,Unbreaded Chicken Strips and Chunks,whole-muscle-like chunks,Flavor,0.7,500,0,0.9999860449651718,-1.6330450373039527,2.012862642604119
Unbreaded_Chicken_StripsandChunks,Unbreaded Chicken Strips and Chunks,whole-muscle-like chunks,Flavor,1,500,0,0.9983565601367118,-1.6330450373039527,2.012862642604119
Unbreaded_Chicken_StripsandChunks,Unbreaded Chicken Strips and Chunks,whole-muscle-like chunks,Texture,0.3,500,0,0.9999999989408326,-1.8155972803190705,2.170456123013323
Unbreaded_Chicken_StripsandChunks,Unbreaded Chicken Strips and Chunks,whole-muscle-like chunks,Texture,0.5,500,0,0.9999999369309197,-1.8155972803190705,2.170456123013323
Unbreaded_Chicken_StripsandChunks,Unbreaded Chicken Strips and Chunks,whole-muscle-like chunks,Texture,0.7,500,0,0.999997430006471,-1.8155972803190705,2.170456123013323
Unbreaded_Chicken_StripsandChunks,Unbreaded Chicken Strips and Chunks,whole-muscle-like chunks,Texture,1,500,0,0.9996564969894761,-1.8155972803190705,2.170456123013323
Unbreaded_Chicken_StripsandChunks,Unbreaded Chicken Strips and Chunks,whole-muscle-like chunks,Appearance,0.3,500,0,0.9999996731276001,-1.35823160780816,1.7319510099541402
Unbreaded_Chicken_StripsandChunks,Unbreaded Chicken Strips and Chunks,whole-muscle-like chunks,Appearance,0.5,500,0,0.9999825752272552,-1.35823160780816,1.7319510099541402
Unbreaded_Chicken_StripsandChunks,Unbreaded Chicken Strips and Chunks,whole-muscle-like chunks,Appearance,0.7,500,0,0.9994378311596999,-1.35823160780816,1.7319510099541402
Unbreaded_Chicken_StripsandChunks,Unbreaded Chicken Strips and Chunks,whole-muscle-like chunks,Appearance,1,500,0,0.9699054572963575,-1.35823160780816,1.7319510099541402
Unbreaded_Chicken_StripsandChunks,Unbreaded Chicken Strips and Chunks,whole-muscle-like chunks,Similarity,0.3,500,0,0.9999999999985743,-2.1308039191746326,2.526009374859318
Unbreaded_Chicken_StripsandChunks,Unbreaded Chicken Strips and Chunks,whole-muscle-like chunks,Similarity,0.5,500,0,0.9999999999059461,-2.1308039191746326,2.526009374859318
Unbreaded_Chicken_StripsandChunks,Unbreaded Chicken Strips and Chunks,whole-muscle-like chunks,Similarity,0.7,500,0,0.9999999946098828,-2.1308039191746326,2.526009374859318
Unbreaded_Chicken_StripsandChunks,Unbreaded Chicken Strips and Chunks,whole-muscle-like chunks,Similarity,1,500,0,0.9999984586192469,-2.1308039191746326,2.526009374859318
