category,category_label,category_format,source_code,source_display,source_n,source_mean_diff,source_ci90_low,source_ci90_high,source_ci95_low,source_ci95_high,source_lower_one_sided_95,source_minimum_margin,source_cohen_dz,source_same_or_better,source_p_ni,source_p_holm_primary14,source_NI_nominal,source_NI_Holm_primary14,sample_best_code,sample_best_display,sample_best_n,sample_best_mean_diff,sample_best_minimum_margin,sample_best_cohen_dz,sample_best_p_ni,sample_best_p_holm14,sample_best_NI_nominal,sample_best_NI_Holm14,n_candidate_products,any_nominal_NI,any_Holm_NI,best_adjusted_product_code,best_Holm_p_ni,crossfit_successful_repeats,crossfit_mean_diff_mean,crossfit_mean_diff_q025,crossfit_mean_diff_q975,crossfit_minimum_margin_median,crossfit_minimum_margin_q025,crossfit_minimum_margin_q975,crossfit_probability_nominal_NI,sample_best_set,n_sample_best_tied,leader_status
Unbreaded_Chicken_Filets,Unbreaded Chicken Filets,whole-muscle-like filet,413,Plant-based Leader / 413,103,-0.07766990291262135,-0.3742477919434881,0.21890798611824538,-0.4320588501592906,0.2767190443340479,-0.3742477919434881,0.3742477919434881,-0.04283365634692156,0.6019417475728155,0.00999247816546396,0.13989469431649543,TRUE,FALSE,413,Plant-based Leader / 413,103,-0.07766990291262135,0.3742477919434881,-0.04283365634692156,0.00999247816546396,0.13989469431649543,TRUE,FALSE,10,TRUE,FALSE,413,0.0999247816546396,500,-0.13198192077003246,-0.39133663366336635,-0.07766990291262135,0.3742477919434881,0.3742477919434881,0.7143409462690683,0.758,413,1,Source leader is unique sample-best
Chicken_Nuggets,Chicken Nuggets,breaded/coated,206,Plant-based Leader / 206,97,-0.14432989690721648,-0.484219571480592,0.19555977766615906,-0.550545328843568,0.26188553502913503,-0.484219571480592,0.484219571480592,-0.0716095747805864,0.6185567010309279,0.042709285062082526,0.5552207058070728,TRUE,FALSE,798,Plant-based (b) / 798,97,-0.13402061855670103,0.4638600873295511,-0.06852069520533717,0.0342175980251742,0.4448287743272646,TRUE,FALSE,10,TRUE,FALSE,798,0.342175980251742,500,-0.5184213611312741,-0.80525,-0.276859351988218,0.8449873914353618,0.6082597883362719,1.1405084789822169,0,798,1,Source leader differs from sample-best
Burgers,Burgers,comminuted/patty,922,Plant-based Leader / 922,113,-0.30973451327433627,-0.6162187825111449,-0.003250244037527661,-0.6758681888388015,0.05639916229012898,-0.6162187825111449,0.6162187825111449,-0.15768002659130168,0.5663716814159292,0.15269822741603356,1,FALSE,FALSE,922,Plant-based Leader / 922,113,-0.30973451327433627,0.6162187825111449,-0.15768002659130168,0.15269822741603356,1,FALSE,FALSE,10,FALSE,FALSE,164,1,500,-0.3818190948057775,-0.6116504854368932,-0.30314859762675306,0.6162187825111449,0.6162187825111449,0.9445750621876691,0,922,1,Source leader is unique sample-best
Hot_Dogs,Hot Dogs,processed/sausage,164,Plant-based Leader / 164,88,-0.3977272727272727,-0.7371376801472471,-0.05831686530729824,-0.8034966958895463,0.008042150435000894,-0.7371376801472471,0.7371376801472471,-0.20768040218496617,0.5227272727272727,0.3088288547315291,1,FALSE,FALSE,164,Plant-based Leader / 164,88,-0.3977272727272727,0.7371376801472471,-0.20768040218496617,0.3088288547315291,1,FALSE,FALSE,10,FALSE,FALSE,164,1,500,-0.3977272727272727,-0.3977272727272727,-0.3977272727272727,0.7371376801472471,0.7371376801472471,0.7371376801472471,0,164,1,Source leader is unique sample-best
Meatballs,Meatballs,comminuted/meatball,859,Plant-based Leader / 859,99,-0.45454545454545453,-0.71817946577155,-0.19091144331935905,-0.769605363449788,-0.13948554564112103,-0.71817946577155,0.71817946577155,-0.2877468377750549,0.5959595959595959,0.3876246440631862,1,FALSE,FALSE,859,Plant-based Leader / 859,99,-0.45454545454545453,0.71817946577155,-0.2877468377750549,0.3876246440631862,1,FALSE,FALSE,5,FALSE,FALSE,859,1,500,-0.45454545454545453,-0.45454545454545453,-0.45454545454545453,0.71817946577155,0.71817946577155,0.71817946577155,0,859,1,Source leader is unique sample-best
Deli_Turkey,Deli Turkey,processed/deli,491,Plant-based Leader / 491,102,-0.46078431372549017,-0.7859880388563518,-0.13558058859462857,-0.849389963355127,-0.07217866409585338,-0.7859880388563518,0.7859880388563518,-0.23290095584305273,0.5196078431372549,0.4208688594091367,1,FALSE,FALSE,491,Plant-based Leader / 491,102,-0.46078431372549017,0.7859880388563518,-0.23290095584305273,0.4208688594091367,1,FALSE,FALSE,7,FALSE,FALSE,491,1,500,-0.467078431372549,-0.46078431372549017,-0.46078431372549017,0.7859880388563518,0.7859880388563518,0.7859880388563518,0,491,1,Source leader is unique sample-best
Breaded_Chicken_Filets,Breaded Chicken Filets,breaded/coated,491,Plant-based Leader / 491,78,-0.5128205128205128,-0.8870703590568304,-0.13857066658419515,-0.9604351278969203,-0.06520589774410518,-0.8870703590568304,0.8870703590568304,-0.25830961760147425,0.5128205128205128,0.522666762699183,1,FALSE,FALSE,491,Plant-based Leader / 491,78,-0.5128205128205128,0.8870703590568304,-0.25830961760147425,0.522666762699183,1,FALSE,FALSE,5,FALSE,FALSE,491,1,500,-0.5202301004099784,-0.5128205128205128,-0.5128205128205128,0.8870703590568304,0.8870703590568304,0.8870703590568304,0,491,1,Source leader is unique sample-best
Pulled_Pork,Pulled Pork,shredded/pulled,651,Plant-based Leader / 651,101,-0.6039603960396039,-0.9041321949871404,-0.30378859709206757,-0.9626641587669373,-0.2452566333122705,-0.9041321949871404,0.9041321949871404,-0.33238948392363254,0.44554455445544555,0.7167084340394507,1,FALSE,FALSE,651,Plant-based Leader / 651,101,-0.6039603960396039,0.9041321949871404,-0.33238948392363254,0.7167084340394507,1,FALSE,FALSE,7,FALSE,FALSE,651,1,500,-0.6077031644340904,-0.6039603960396039,-0.6039603960396039,0.9041321949871404,0.9041321949871404,0.9041321949871404,0,651,1,Source leader is unique sample-best
Breakfast_Sausages,Breakfast Sausages,processed/sausage,413,Plant-based Leader / 413,104,-0.6346153846153846,-0.9497342420304146,-0.3194965272003546,-1.0111490669401353,-0.25808170229063376,-0.9497342420304146,0.9497342420304146,-0.3277710976198001,0.5384615384615384,0.7600496038907283,1,FALSE,FALSE,491,Plant-based (h) / 491,100,-0.4,0.7295528848107217,-0.2015325894623116,0.3077495785534047,1,FALSE,FALSE,10,FALSE,FALSE,491,1,500,-0.6429267765143162,-0.8737864077669902,-0.4019607843137255,0.9743875246340128,0.7384556414857406,1.2037314752486241,0,491,1,Source leader differs from sample-best
Deli_Ham,Deli Ham,processed/deli,923,Plant-based Leader / 923,105,-0.8095238095238095,-1.119196224036544,-0.49985139501107495,-1.1795395764046863,-0.43950804264293275,-1.119196224036544,1.119196224036544,-0.4233949556640057,0.49523809523809526,0.949919593731946,1,FALSE,FALSE,923,Plant-based Leader / 923,105,-0.8095238095238095,1.119196224036544,-0.4233949556640057,0.949919593731946,1,FALSE,FALSE,9,FALSE,FALSE,923,1,500,-0.8853556545396352,-1.1457154977375565,-0.8095238095238095,1.119196224036544,1.119196224036544,1.4648229878042602,0,923,1,Source leader is unique sample-best
Bratwurst,Bratwurst,processed/sausage,702,Plant-based Leader / 702,106,-0.8679245283018868,-1.1738115567281733,-0.5620374998756004,-1.233407601098568,-0.5024414555052056,-1.1738115567281733,1.1738115567281733,-0.4573450864237487,0.4056603773584906,0.9757417833450268,1,FALSE,FALSE,702,Plant-based Leader / 702,106,-0.8679245283018868,1.1738115567281733,-0.4573450864237487,0.9757417833450268,1,FALSE,FALSE,9,FALSE,FALSE,702,1,500,-0.8679245283018868,-0.8679245283018868,-0.8679245283018868,1.1738115567281733,1.1738115567281733,1.1738115567281733,0,702,1,Source leader is unique sample-best
Unbreaded_Chicken_StripsandChunks,Unbreaded Chicken Strips and Chunks,whole-muscle-like chunks,702,Plant-based Leader / 702,98,-1.1428571428571428,-1.5136960326620803,-0.7720182530522053,-1.586047404678842,-0.6996668810354436,-1.5136960326620803,1.5136960326620803,-0.5169977383896791,0.3673469387755102,0.9975449429542865,1,FALSE,FALSE,702,Plant-based Leader / 702,98,-1.1428571428571428,1.5136960326620803,-0.5169977383896791,0.9975449429542865,1,FALSE,FALSE,10,FALSE,FALSE,702,1,500,-1.3157290579350496,-1.6,-1.1428571428571428,1.6823919425757115,1.5136960326620803,1.974969943975885,0,702,1,Source leader is unique sample-best
Steak,Steak,whole-cut-like,923,Plant-based Leader / 923,95,-1.4947368421052631,-1.8462129099856865,-1.1432607742248397,-1.914826602812194,-1.0746470813983322,-1.8462129099856865,1.8462129099856865,-0.7248294978393116,0.30526315789473685,0.9999955846448821,1,FALSE,FALSE,923,Plant-based Leader / 923,95,-1.4947368421052631,1.8462129099856865,-0.7248294978393116,0.9999955846448821,1,FALSE,FALSE,9,FALSE,FALSE,923,1,500,-1.6145894736842106,-1.8105263157894738,-1.4947368421052631,1.9817503034878357,1.8462129099856865,2.1901089949032917,0,923,1,Source leader is unique sample-best
Bacon,Bacon,processed/strip,334,Plant-based Leader / 334,92,-2.0760869565217392,-2.3834801189967942,-1.7686937940466843,-2.4435254895020946,-1.7086484235413841,-2.3834801189967942,2.3834801189967942,-1.1701152498875982,0.18478260869565216,0.9999999999998412,1,FALSE,FALSE,334,Plant-based Leader / 334,92,-2.0760869565217392,2.3834801189967942,-1.1701152498875982,0.9999999999998412,1,FALSE,FALSE,10,FALSE,FALSE,257,1,500,-2.268342748152348,-2.4456521739130435,-2.141304347826087,2.591630178754513,2.466673005405487,2.7882648967578723,0,257; 334,2,Source leader is tied sample-best
