category,category_label,category_format,modality,successful_repeats,n_evaluation_mean,n_evaluation_min,n_evaluation_max,mean_diff_mean,mean_diff_median,mean_diff_q025,mean_diff_q975,minimum_margin_mean,minimum_margin_median,minimum_margin_q025,minimum_margin_q975,same_or_better_mean,cohen_dz_mean
Bacon,Bacon,processed/strip,Overall Liking,500,92.03,92,94,-2.268342748152348,-2.260869565217391,-2.4456521739130435,-2.141304347826087,2.6034120436654145,2.591630178754513,2.466673005405487,2.7882648967578723,0.1904320820029244,-1.1739286598910226
Bacon,Bacon,processed/strip,Flavor,500,92.03,92,94,-2.4020267524096566,-2.402173913043478,-2.623814754856614,-2.2008152173913045,2.775681238275,2.7702464597381073,2.567310954560903,3.0064888085558703,0.2159207225488148,-1.1144351788250864
Bacon,Bacon,processed/strip,Texture,500,92.03,92,94,-2.3146002805049086,-2.3043478260869565,-2.517119565217391,-2.146467391304348,2.65142612741764,2.646556982068838,2.4742154618421166,2.858106650096777,0.18314924452667283,-1.1912952753325352
Bacon,Bacon,processed/strip,Appearance,500,92.03,92,94,-2.842350685844449,-2.8369565217391304,-3.0434782608695654,-2.6956521739130435,3.196348428322918,3.1902580119045316,3.0486618567233803,3.3971495339455156,0.15539974933603892,-1.3922155851050886
Bacon,Bacon,processed/strip,Similarity,500,92.03,92,94,-2.9042281191250634,-2.891304347826087,-3.130978260869565,-2.739130434782609,3.314747899959731,3.307517593572329,3.145311250071397,3.548045833140578,0.18239115016959606,-1.2269665152474143
Bratwurst,Bratwurst,processed/sausage,Overall Liking,500,106,106,106,-0.8679245283018868,-0.8679245283018868,-0.8679245283018868,-0.8679245283018868,1.1738115567281733,1.1738115567281733,1.1738115567281733,1.1738115567281733,0.4056603773584906,-0.4573450864237487
Bratwurst,Bratwurst,processed/sausage,Flavor,500,106,106,106,-0.9622641509433962,-0.9622641509433962,-0.9622641509433962,-0.9622641509433962,1.2958916757406795,1.2958916757406795,1.2958916757406795,1.2958916757406795,0.46226415094339623,-0.46489572116082123
Bratwurst,Bratwurst,processed/sausage,Texture,500,106,106,106,-1.169811320754717,-1.169811320754717,-1.169811320754717,-1.169811320754717,1.5104458573978796,1.5104458573978796,1.5104458573978796,1.5104458573978796,0.3867924528301887,-0.553541590444533
Bratwurst,Bratwurst,processed/sausage,Appearance,500,106,106,106,-0.05660377358490566,-0.05660377358490566,-0.05660377358490566,-0.05660377358490566,0.38265896483893813,0.38265896483893813,0.38265896483893813,0.38265896483893813,0.660377358490566,-0.027981911705914665
Bratwurst,Bratwurst,processed/sausage,Similarity,500,106,106,106,-1.3679245283018868,-1.3679245283018868,-1.3679245283018868,-1.3679245283018868,1.685908126471442,1.685908126471442,1.685908126471442,1.685908126471442,0.3584905660377358,-0.6933947252256175
Breaded_Chicken_Filets,Breaded Chicken Filets,breaded/coated,Overall Liking,500,78.05,78,82,-0.5202301004099784,-0.5128205128205128,-0.5128205128205128,-0.5128205128205128,0.8944507265473637,0.8870703590568304,0.8870703590568304,0.8870703590568304,0.5113077884325852,-0.26195831322855895
Breaded_Chicken_Filets,Breaded Chicken Filets,breaded/coated,Flavor,500,78.05,78,82,-0.5692973142936557,-0.5641025641025641,-0.5641025641025641,-0.5641025641025641,0.9193563445433175,0.9139360833957694,0.9139360833957694,0.9139360833957694,0.5628313228175017,-0.30637104962653855
Breaded_Chicken_Filets,Breaded Chicken Filets,breaded/coated,Texture,500,78.05,78,82,-0.6456730670789614,-0.6410256410256411,-0.6410256410256411,-0.6410256410256411,1.003731788280588,0.9991829294944767,0.9991829294944767,0.9991829294944767,0.4865808277163968,-0.3398554496263631
Breaded_Chicken_Filets,Breaded Chicken Filets,breaded/coated,Appearance,500,78.05,78,82,-0.7441768228985709,-0.7435897435897436,-0.7435897435897436,-0.7435897435897436,1.0664302214256651,1.0657403469063416,1.0657403469063416,1.0657403469063416,0.4996138112940958,-0.4351948439137026
Breaded_Chicken_Filets,Breaded Chicken Filets,breaded/coated,Similarity,500,78.05,78,82,-0.682768464665416,-0.6794871794871795,-0.6794871794871795,-0.6794871794871795,1.082914941432181,1.0796605362056129,1.0796605362056129,1.0796605362056129,0.5376277853056308,-0.32156941083249796
Breakfast_Sausages,Breakfast Sausages,processed/sausage,Overall Liking,500,101.646,100,103,-0.6429267765143162,-0.6453115899825277,-0.8737864077669902,-0.4019607843137255,0.9759076250320285,0.9743875246340128,0.7384556414857406,1.2037314752486241,0.49173969654304095,-0.31948441295925784
Breakfast_Sausages,Breakfast Sausages,processed/sausage,Flavor,500,101.646,100,103,-0.7990975827108696,-0.803921568627451,-1.0490196078431373,-0.5588235294117647,1.1536382996404158,1.1575927694438948,0.9149945141342737,1.3872254056377447,0.4521311055068956,-0.3734506939415767
Breakfast_Sausages,Breakfast Sausages,processed/sausage,Texture,500,101.646,100,103,-0.67619573064331,-0.6764705882352942,-0.9411764705882353,-0.4262254901960787,1.0286120813548598,1.0282000328672145,0.7813856079935672,1.291276799178523,0.48974011799009715,-0.3184693928488854
Breakfast_Sausages,Breakfast Sausages,processed/sausage,Appearance,500,101.646,100,103,-0.4459056401905182,-0.45544554455445546,-0.6633663366336634,-0.20588235294117646,0.7588996457195378,0.7654851788140221,0.5191564677504477,0.98158115631505,0.5475152271309369,-0.23530244656974209
Breakfast_Sausages,Breakfast Sausages,processed/sausage,Similarity,500,101.646,100,103,-1.3727762206980263,-1.3663366336633664,-1.6996966608425548,-1.0729226156482012,1.7728569926409177,1.7646422846029524,1.4748586201844374,2.076442917668605,0.3603152403247178,-0.5674983192760733
Burgers,Burgers,comminuted/patty,Overall Liking,500,110.62,103,113,-0.3818190948057775,-0.30973451327433627,-0.6116504854368932,-0.30314859762675306,0.6985576958313612,0.6162187825111449,0.6162187825111449,0.9445750621876691,0.5503164599860622,-0.19000331837923395
Burgers,Burgers,comminuted/patty,Flavor,500,110.62,103,113,-0.45787225261174913,-0.3805309734513274,-0.7270833333333333,-0.3786407766990291,0.7794716941216897,0.6969523020538156,0.6969523020538156,1.0390603935021239,0.5183406125001193,-0.22482103128959813
Burgers,Burgers,comminuted/patty,Texture,500,110.62,103,113,-0.49117396651742384,-0.46017699115044247,-0.7059406751884627,-0.3425925925925926,0.7943186513868644,0.7521001221547414,0.6569113937591036,1.0264693921998598,0.5598096501863148,-0.2556818342840206
Burgers,Burgers,comminuted/patty,Appearance,500,110.62,103,113,-0.4996051334434357,-0.48672566371681414,-0.6666666666666666,-0.37037037037037035,0.7986798652961112,0.7816707249129271,0.6652978052997812,0.9720149766279405,0.5616659729580943,-0.2635697884945074
Burgers,Burgers,comminuted/patty,Similarity,500,110.62,103,113,-0.9159915354825571,-0.8495575221238938,-1.1574074074074074,-0.8100952894642217,1.231608140054429,1.1589650383792316,1.1276926737583202,1.4770878049496816,0.4143521509738968,-0.4580349295597473
Chicken_Nuggets,Chicken Nuggets,breaded/coated,Overall Liking,500,98.604,97,101,-0.5184213611312741,-0.5050505050505051,-0.80525,-0.276859351988218,0.8606789913040508,0.8449873914353618,0.6082597883362719,1.1405084789822169,0.5230822168785362,-0.25349650906102345
Chicken_Nuggets,Chicken Nuggets,breaded/coated,Flavor,500,98.604,97,101,-0.5999136183776173,-0.5858585858585859,-0.9503536067892503,-0.28865979381443296,0.9681297743898617,0.9669189689987718,0.6589696084713155,1.3053198028052728,0.5013908086478751,-0.27350344037065305
Chicken_Nuggets,Chicken Nuggets,breaded/coated,Texture,500,98.604,97,101,0.025212717869725117,0.04040404040404041,-0.3002800280028003,0.31652087889201275,0.353988734082078,0.3488703400534464,0.07307152108534601,0.6638835565913606,0.6189466562818705,0.010494684002330753
Chicken_Nuggets,Chicken Nuggets,breaded/coated,Appearance,500,98.604,97,101,-0.02740410576340613,-0.02985148514851485,-0.24242424242424243,0.17440826846202395,0.31707255512668275,0.319261688306137,0.10846451452383143,0.5278620630898543,0.662211717846306,-0.016131264973802687
Chicken_Nuggets,Chicken Nuggets,breaded/coated,Similarity,500,98.604,97,101,-0.23399628765401262,-0.2268041237113402,-0.5940012368583796,0.1474025974025972,0.6247747220243156,0.6192680501836023,0.2435845231657382,0.9863226197179895,0.5711442413153581,-0.1008574117995194
Deli_Ham,Deli Ham,processed/deli,Overall Liking,500,104.414,102,105,-0.8853556545396352,-0.8095238095238095,-1.1457154977375565,-0.8095238095238095,1.1980440328210133,1.119196224036544,1.119196224036544,1.4648229878042602,0.47911586816952323,-0.45990612544164444
Deli_Ham,Deli Ham,processed/deli,Flavor,500,104.414,102,105,-1.1014921613604365,-1.0285714285714285,-1.3610722444317533,-1.0285714285714285,1.43383656790689,1.3605423363487947,1.3605423363487947,1.6908088349976667,0.38985540936314783,-0.5389587501553201
Deli_Ham,Deli Ham,processed/deli,Texture,500,104.414,102,105,-1.2598211936454942,-1.180952380952381,-1.5288461538461537,-1.180952380952381,1.5879169283577195,1.5085820895668451,1.5085820895668451,1.8556865450923992,0.45125786154641095,-0.6243398389658196
Deli_Ham,Deli Ham,processed/deli,Appearance,500,104.414,102,105,-0.9029858293429396,-0.7714285714285715,-1.2454326923076922,-0.7714285714285715,1.1748862279949581,1.028751434349233,1.028751434349233,1.5448234910410972,0.49537931051434764,-0.5355508248185891
Deli_Ham,Deli Ham,processed/deli,Similarity,500,104.414,102,105,-1.1511970869602508,-1.0476190476190477,-1.490295060331825,-1.0476190476190477,1.5021746020147821,1.3943979571830314,1.3943979571830314,1.8516766238664082,0.40239298694832676,-0.5324629842608203
Deli_Turkey,Deli Turkey,processed/deli,Overall Liking,500,102,102,102,-0.467078431372549,-0.46078431372549017,-0.46078431372549017,-0.46078431372549017,0.7926567774350727,0.7859880388563518,0.7859880388563518,0.7859880388563518,0.5185098039215686,-0.23568719523856188
Deli_Turkey,Deli Turkey,processed/deli,Flavor,500,102,102,102,-0.7508039215686275,-0.7450980392156863,-0.7450980392156863,-0.7450980392156863,1.0794623341825706,1.0735876051721684,1.0735876051721684,1.0735876051721684,0.49898039215686274,-0.3754588809032703
Deli_Turkey,Deli Turkey,processed/deli,Texture,500,102,102,102,-0.6014117647058823,-0.5980392156862745,-0.5980392156862745,-0.5980392156862745,0.9516833573749796,0.9482643944947966,0.9482643944947966,0.9482643944947966,0.5090980392156862,-0.2822198304724237
Deli_Turkey,Deli Turkey,processed/deli,Appearance,500,102,102,102,-1.2861960784313726,-1.2843137254901962,-1.2843137254901962,-1.2843137254901962,1.6505472557386416,1.6488489418717711,1.6488489418717711,1.6488489418717711,0.40147058823529413,-0.5802917760155111
Deli_Turkey,Deli Turkey,processed/deli,Similarity,500,102,102,102,-1.192843137254902,-1.1862745098039216,-1.1862745098039216,-1.1862745098039216,1.5657102100637879,1.559047805231054,1.559047805231054,1.559047805231054,0.4107843137254902,-0.5258291218865769
Hot_Dogs,Hot Dogs,processed/sausage,Overall Liking,500,88,88,88,-0.3977272727272727,-0.3977272727272727,-0.3977272727272727,-0.3977272727272727,0.7371376801472471,0.7371376801472471,0.7371376801472471,0.7371376801472471,0.5227272727272727,-0.20768040218496617
Hot_Dogs,Hot Dogs,processed/sausage,Flavor,500,88,88,88,-0.3181818181818182,-0.3181818181818182,-0.3181818181818182,-0.3181818181818182,0.714519785102343,0.714519785102343,0.714519785102343,0.714519785102343,0.5568181818181818,-0.14228036837637253
Hot_Dogs,Hot Dogs,processed/sausage,Texture,500,88,88,88,-0.6931818181818182,-0.6931818181818182,-0.6931818181818182,-0.6931818181818182,1.119208684177429,1.119208684177429,1.119208684177429,1.119208684177429,0.48863636363636365,-0.28836694371340127
Hot_Dogs,Hot Dogs,processed/sausage,Appearance,500,88,88,88,-0.4772727272727273,-0.4772727272727273,-0.4772727272727273,-0.4772727272727273,0.7894641701452032,0.7894641701452032,0.7894641701452032,0.7894641701452032,0.6136363636363636,-0.270944863588219
Hot_Dogs,Hot Dogs,processed/sausage,Similarity,500,88,88,88,-0.8068181818181818,-0.8068181818181818,-0.8068181818181818,-0.8068181818181818,1.2383183180758883,1.2383183180758883,1.2383183180758883,1.2383183180758883,0.4772727272727273,-0.3313828573984047
Meatballs,Meatballs,comminuted/meatball,Overall Liking,500,99,99,99,-0.45454545454545453,-0.45454545454545453,-0.45454545454545453,-0.45454545454545453,0.71817946577155,0.71817946577155,0.71817946577155,0.71817946577155,0.5959595959595959,-0.2877468377750549
Meatballs,Meatballs,comminuted/meatball,Flavor,500,99,99,99,-0.41414141414141414,-0.41414141414141414,-0.41414141414141414,-0.41414141414141414,0.6962500120072121,0.6962500120072121,0.6962500120072121,0.6962500120072121,0.5757575757575758,-0.24500052651121534
Meatballs,Meatballs,comminuted/meatball,Texture,500,99,99,99,-0.3838383838383838,-0.3838383838383838,-0.3838383838383838,-0.3838383838383838,0.6879547910285768,0.6879547910285768,0.6879547910285768,0.6879547910285768,0.5858585858585859,-0.21064115568433603
Meatballs,Meatballs,comminuted/meatball,Appearance,500,99,99,99,0.020202020202020204,0.020202020202020204,0.020202020202020204,0.020202020202020204,0.1549649690298322,0.1549649690298322,0.1549649690298322,0.1549649690298322,0.7474747474747475,0.01924762787603741
Meatballs,Meatballs,comminuted/meatball,Similarity,500,99,99,99,-0.6464646464646465,-0.6464646464646465,-0.6464646464646465,-0.6464646464646465,0.970143835020502,0.970143835020502,0.970143835020502,0.970143835020502,0.5151515151515151,-0.3333225385239731
Pulled_Pork,Pulled Pork,shredded/pulled,Overall Liking,500,101.002,101,102,-0.6077031644340904,-0.6039603960396039,-0.6039603960396039,-0.6039603960396039,0.9077697284976564,0.9041321949871404,0.9041321949871404,0.9041321949871404,0.44476509415647447,-0.334685193205479
Pulled_Pork,Pulled Pork,shredded/pulled,Flavor,500,101.002,101,102,-0.7059417588817705,-0.7029702970297029,-0.7029702970297029,-0.7029702970297029,1.0232982198599077,1.0203464686110497,1.0203464686110497,1.0203464686110497,0.46462589788390607,-0.3674880632855166
Pulled_Pork,Pulled Pork,shredded/pulled,Texture,500,101.002,101,102,-0.7944154533100369,-0.7920792079207921,-0.7920792079207921,-0.7920792079207921,1.1046607791207936,1.1022997742857785,1.1022997742857785,1.1022997742857785,0.48484236070665887,-0.4229967039639566
Pulled_Pork,Pulled Pork,shredded/pulled,Appearance,500,101.002,101,102,-0.517055329062318,-0.5148514851485149,-0.5148514851485149,-0.5148514851485149,0.8386173949204223,0.8365571741942968,0.8365571741942968,0.8365571741942968,0.6034140943506116,-0.2656992663926028
Pulled_Pork,Pulled Pork,shredded/pulled,Similarity,500,101.002,101,102,-1.3290805668802175,-1.3267326732673268,-1.3267326732673268,-1.3267326732673268,1.692571923590634,1.6902533237556878,1.6902533237556878,1.6902533237556878,0.3658741991846243,-0.6040876770714502
Steak,Steak,whole-cut-like,Overall Liking,500,95,95,95,-1.6145894736842106,-1.6210526315789473,-1.8105263157894738,-1.4947368421052631,1.974336482110933,1.9817503034878357,1.8462129099856865,2.1901089949032917,0.2854315789473684,-0.764914754609582
Steak,Steak,whole-cut-like,Flavor,500,95,95,95,-1.6297263157894737,-1.631578947368421,-1.8526315789473684,-1.5052631578947369,2.0061078595598287,2.0074780018784577,1.876411347382278,2.2439274458026564,0.3088421052631579,-0.7378494493983901
Steak,Steak,whole-cut-like,Texture,500,95,95,95,-1.5847157894736843,-1.5789473684210527,-1.7578947368421052,-1.4842105263157894,1.9551933371173023,1.9448167527106333,1.8498882443053795,2.146203195289945,0.34391578947368423,-0.7293441461436473
Steak,Steak,whole-cut-like,Appearance,500,95,95,95,-1.3785052631578947,-1.368421052631579,-1.5844736842105263,-1.2842105263157895,1.713595085503677,1.7054326003367575,1.6049169687412648,1.9296991258397067,0.39602105263157894,-0.7010237076245427
Steak,Steak,whole-cut-like,Similarity,500,95,95,95,-2.342021052631579,-2.3263157894736843,-2.521315789473684,-2.247105263157895,2.7350663655393737,2.7208945480458264,2.639905266204916,2.9155871890064375,0.23012631578947368,-1.0170325260036375
Unbreaded_Chicken_Filets,Unbreaded Chicken Filets,whole-muscle-like filet,Overall Liking,500,102.462,99,103,-0.13198192077003246,-0.07766990291262135,-0.39133663366336635,-0.07766990291262135,0.43695742540389215,0.3742477919434881,0.3742477919434881,0.7143409462690683,0.590242997543615,-0.0694642912463745
Unbreaded_Chicken_Filets,Unbreaded Chicken Filets,whole-muscle-like filet,Flavor,500,102.462,99,103,0.01524061900878837,0.06796116504854369,-0.27722772277227725,0.06796116504854369,0.355158889303892,0.29866907921125485,0.29866907921125485,0.6505946171112325,0.5777459601071472,0.007033947511049844
Unbreaded_Chicken_Filets,Unbreaded Chicken Filets,whole-muscle-like filet,Texture,500,102.462,99,103,-0.5512889362654141,-0.5242718446601942,-0.7477722772277227,-0.4752475247524752,0.9139826130925887,0.8855570938960191,0.8439886438557107,1.117352284419167,0.5092676295624994,-0.2495441068378371
Unbreaded_Chicken_Filets,Unbreaded Chicken Filets,whole-muscle-like filet,Appearance,500,102.462,99,103,-0.6813548623668764,-0.6796116504854369,-0.8316831683168316,-0.5521163366336634,0.9981940822148133,0.9938155416953658,0.8705391506370781,1.14636839393137,0.49295359725007337,-0.35303348326764505
Unbreaded_Chicken_Filets,Unbreaded Chicken Filets,whole-muscle-like filet,Similarity,500,102.462,99,103,-1.1113120792673212,-1.1067961165048543,-1.2745098039215685,-0.9504950495049505,1.5097885687689547,1.5040848683349843,1.3445348199049596,1.67126028426978,0.43718592975573967,-0.4576099522715856
Unbreaded_Chicken_StripsandChunks,Unbreaded Chicken Strips and Chunks,whole-muscle-like chunks,Overall Liking,500,96.564,93,98,-1.3157290579350496,-1.309278350515464,-1.6,-1.1428571428571428,1.6876178781515772,1.6823919425757115,1.5136960326620803,1.974969943975885,0.34478983182884887,-0.5993674812456133
Unbreaded_Chicken_StripsandChunks,Unbreaded Chicken Strips and Chunks,whole-muscle-like chunks,Flavor,500,96.564,93,98,-1.6330450373039527,-1.653061224489796,-1.9077135493372608,-1.3905561584373305,1.9932936968261117,2.012862642604119,1.759844611967313,2.2690018211352463,0.33831226033679257,-0.767473117398528
Unbreaded_Chicken_StripsandChunks,Unbreaded Chicken Strips and Chunks,whole-muscle-like chunks,Texture,500,96.564,93,98,-1.8155972803190705,-1.7938144329896908,-2.051828286082474,-1.6041666666666667,2.1860848506203734,2.170456123013323,1.9792699595938763,2.4091450962567516,0.29842866269497975,-0.830797966952708
Unbreaded_Chicken_StripsandChunks,Unbreaded Chicken Strips and Chunks,whole-muscle-like chunks,Appearance,500,96.564,93,98,-1.35823160780816,-1.3917525773195876,-1.5590758468335788,-1.0828125000000006,1.7004919039656419,1.7319510099541402,1.4277953264939454,1.8962419989943138,0.4076524652346818,-0.6724697182152842
Unbreaded_Chicken_StripsandChunks,Unbreaded Chicken Strips and Chunks,whole-muscle-like chunks,Similarity,500,96.564,93,98,-2.1308039191746326,-2.142857142857143,-2.3866443452380954,-1.90625,2.5112910033659044,2.526009374859318,2.315982926013292,2.757184358940055,0.24456183635503112,-0.949204510893694
