Category,Code,n,Mean_difference,CI90_lower,CI90_upper,Cohen_dz,Same_or_better_percent,Minimum_data_supported_margin,NI_p,Holm_p_14_categories
Unbreaded Chicken Filets,413,103,-0.078,-0.374,0.219,-0.043,60.2,0.374,0.010,0.140
Chicken Nuggets,206,97,-0.144,-0.484,0.196,-0.072,61.9,0.484,0.043,0.555
Burgers,922,113,-0.31,-0.616,-0.003,-0.158,56.6,0.616,0.153,1.000
Hot Dogs,164,88,-0.398,-0.737,-0.058,-0.208,52.3,0.737,0.309,1.000
Meatballs,859,99,-0.455,-0.718,-0.191,-0.288,59.6,0.718,0.388,1.000
Deli Turkey,491,102,-0.461,-0.786,-0.136,-0.233,52,0.786,0.421,1.000
Breaded Chicken Filets,491,78,-0.513,-0.887,-0.139,-0.258,51.3,0.887,0.523,1.000
Pulled Pork,651,101,-0.604,-0.904,-0.304,-0.332,44.6,0.904,0.717,1.000
Breakfast Sausages,413,104,-0.635,-0.95,-0.319,-0.328,53.8,0.95,0.760,1.000
Deli Ham,923,105,-0.81,-1.119,-0.5,-0.423,49.5,1.119,0.950,1.000
Bratwurst,702,106,-0.868,-1.174,-0.562,-0.457,40.6,1.174,0.976,1.000
Unbreaded Chicken Strips and Chunks,702,98,-1.143,-1.514,-0.772,-0.517,36.7,1.514,0.998,1.000
Steak,923,95,-1.495,-1.846,-1.143,-0.725,30.5,1.846,1.000,1.000
Bacon,334,92,-2.076,-2.383,-1.769,-1.17,18.5,2.383,1.000,1.000
