"module","function_name","identical_definition"
"01_prepare_data.R","clean_category",TRUE
"01_prepare_data.R","category_format",TRUE
"01_prepare_data.R","category_from_file",TRUE
"01_prepare_data.R","clean_product_label",TRUE
"01_prepare_data.R","parse_headers",TRUE
"01_prepare_data.R","score_likert",TRUE
"01_prepare_data.R","collapse_codes",TRUE
"01_prepare_data.R","count_distribution",TRUE
"01_prepare_data.R","near_exact",TRUE
"01_prepare_data.R","safe_mean",TRUE
"01_prepare_data.R","safe_sd",TRUE
"01_prepare_data.R","write_csv_utf8",TRUE
"01_prepare_data.R","connected_components",TRUE
"01_prepare_data.R","infer_panels_one_category",TRUE
"02_analyze.R","write_model_csv",TRUE
"02_analyze.R","safe_wilcox_p",TRUE
"02_analyze.R","matched_rank_biserial",TRUE
"02_analyze.R","hedges_correction",TRUE
"02_analyze.R","paired_statistics",TRUE
"02_analyze.R","bootstrap_paired_effects",TRUE
"02_analyze.R","summarise_paired_groups",TRUE
"02_analyze.R","ni_p_value",TRUE
"02_analyze.R","add_noninferiority",TRUE
"02_analyze.R","assign_stratified_folds",TRUE
"02_analyze.R","select_training_leader",TRUE
"02_analyze.R","crossfit_one_repeat",TRUE
"02_analyze.R","safe_cor_test",TRUE
"02_analyze.R","model_coefficients",TRUE
"03_sample_audit.R","clean_category",TRUE
"03_sample_audit.R","extract_tag",TRUE
"03_sample_audit.R","normalize_modality",TRUE
"03_sample_audit.R","clean_response",TRUE
"03_sample_audit.R","map_exact",TRUE
"03_sample_audit.R","normalize_age",TRUE
"03_sample_audit.R","normalize_gender",TRUE
"03_sample_audit.R","normalize_dietary",TRUE
"03_sample_audit.R","normalize_education",TRUE
"03_sample_audit.R","normalize_consumption",TRUE
"03_sample_audit.R","write_audit_csv",TRUE
"03_sample_audit.R","write_table_csv",TRUE
"03_sample_audit.R","format_n_pct",TRUE
"03_sample_audit.R","format_p",TRUE
"03_sample_audit.R","safe_test_p",TRUE
"03_sample_audit.R","safe_smd_numeric",TRUE
"03_sample_audit.R","safe_smd_binary",TRUE
"03_sample_audit.R","find_one_demographic_column",TRUE
"03_sample_audit.R","as_logical_safe",TRUE
"03_sample_audit.R","read_demographics_one",TRUE
"03_sample_audit.R","summarize_characteristic",TRUE
"03_sample_audit.R","make_compact_metrics",TRUE
"03_sample_audit.R","format_compact_table",TRUE
"03_sample_audit.R","categorical_test_one",TRUE
"03_sample_audit.R","numeric_comparison_one",TRUE
"03_sample_audit.R","summarize_ni_differences",TRUE
